payment_type,payload_file,schema_id,decision,required_missing,unexpected_fields,mapped_fields,normal_form_checks,reasons,pattern_mismatch_diagnostic,record_type,count
INAmex,INAmex_payload_01.json,INAmex_CardPayment_v15,ALLOW,,,"{""canonical_srs_node"": ""card_primary_account_number"", ""evidence"": [""schema_match"", ""constraint pass""], ""path"": ""PrimaryAccountNumber"", ""raw_field"": ""PrimaryAccountNumber"", ""role"": ""card_account_identifier"", ""schema_attribute"": ""PrimaryAccountNumber"", ""semantic_family"": ""payment_card:pan"", ""value_shape_status"": ""PASS""}; {""canonical_srs_node"": ""card_expiration_date"", ""evidence"": [""schema_match"", ""constraint pass""], ""path"": ""ExpirationDate"", ""raw_field"": ""ExpirationDate"", ""role"": ""card_validity"", ""schema_attribute"": ""ExpirationDate"", ""semantic_family"": ""payment_card:expiration_date"", ""value_shape_status"": ""PASS""}; {""canonical_srs_node"": ""card_verification_value"", ""evidence"": [""schema_match"", ""constraint pass""], ""path"": ""CardVerificationValue"", ""raw_field"": ""CardVerificationValue"", ""role"": ""sensitive_authentication_data"", ""schema_attribute"": ""CardVerificationValue"", ""semantic_family"": ""payment_card:verification_value"", ""value_shape_status"": ""PASS""}; {""canonical_srs_node"": ""cardholder_name"", ""evidence"": [""schema_match"", ""constraint pass""], ""path"": ""CardHolderName"", ""raw_field"": ""CardHolderName"", ""role"": ""cardholder"", ""schema_attribute"": ""CardHolderName"", ""semantic_family"": ""party:cardholder_name"", ""value_shape_status"": ""PASS""}","{""AANF"": ""PASS"", ""CMNF"": ""PASS"", ""DBNF"": ""PASS"", ""ECNF"": ""PASS"", ""PONF"": ""PASS"", ""RRNF"": ""PASS""}",,,payload_compliance,
INAmex,INAmex_payload_02.json,INAmex_CardPayment_v15,ALLOW,,,"{""canonical_srs_node"": ""card_primary_account_number"", ""evidence"": [""schema_match"", ""constraint pass""], ""path"": ""PrimaryAccountNumber"", ""raw_field"": ""PrimaryAccountNumber"", ""role"": ""card_account_identifier"", ""schema_attribute"": ""PrimaryAccountNumber"", ""semantic_family"": ""payment_card:pan"", ""value_shape_status"": ""PASS""}; {""canonical_srs_node"": ""card_expiration_date"", ""evidence"": [""schema_match"", ""constraint pass""], ""path"": ""ExpirationDate"", ""raw_field"": ""ExpirationDate"", ""role"": ""card_validity"", ""schema_attribute"": ""ExpirationDate"", ""semantic_family"": ""payment_card:expiration_date"", ""value_shape_status"": ""PASS""}; {""canonical_srs_node"": ""card_verification_value"", ""evidence"": [""schema_match"", ""constraint pass""], ""path"": ""CardVerificationValue"", ""raw_field"": ""CardVerificationValue"", ""role"": ""sensitive_authentication_data"", ""schema_attribute"": ""CardVerificationValue"", ""semantic_family"": ""payment_card:verification_value"", ""value_shape_status"": ""PASS""}; {""canonical_srs_node"": ""cardholder_name"", ""evidence"": [""schema_match"", ""constraint pass""], ""path"": ""CardHolderName"", ""raw_field"": ""CardHolderName"", ""role"": ""cardholder"", ""schema_attribute"": ""CardHolderName"", ""semantic_family"": ""party:cardholder_name"", ""value_shape_status"": ""PASS""}","{""AANF"": ""PASS"", ""CMNF"": ""PASS"", ""DBNF"": ""PASS"", ""ECNF"": ""PASS"", ""PONF"": ""PASS"", ""RRNF"": ""PASS""}",,,payload_compliance,
INAmex,INAmex_payload_03.json,INAmex_CardPayment_v15,ALLOW,,,"{""canonical_srs_node"": ""card_primary_account_number"", ""evidence"": [""schema_match"", ""constraint pass""], ""path"": ""PrimaryAccountNumber"", ""raw_field"": ""PrimaryAccountNumber"", ""role"": ""card_account_identifier"", ""schema_attribute"": ""PrimaryAccountNumber"", ""semantic_family"": ""payment_card:pan"", ""value_shape_status"": ""PASS""}; {""canonical_srs_node"": ""card_expiration_date"", ""evidence"": [""schema_match"", ""constraint pass""], ""path"": ""ExpirationDate"", ""raw_field"": ""ExpirationDate"", ""role"": ""card_validity"", ""schema_attribute"": ""ExpirationDate"", ""semantic_family"": ""payment_card:expiration_date"", ""value_shape_status"": ""PASS""}; {""canonical_srs_node"": ""card_verification_value"", ""evidence"": [""schema_match"", ""constraint pass""], ""path"": ""CardVerificationValue"", ""raw_field"": ""CardVerificationValue"", ""role"": ""sensitive_authentication_data"", ""schema_attribute"": ""CardVerificationValue"", ""semantic_family"": ""payment_card:verification_value"", ""value_shape_status"": ""PASS""}; {""canonical_srs_node"": ""cardholder_name"", ""evidence"": [""schema_match"", ""constraint pass""], ""path"": ""CardHolderName"", ""raw_field"": ""CardHolderName"", ""role"": ""cardholder"", ""schema_attribute"": ""CardHolderName"", ""semantic_family"": ""party:cardholder_name"", ""value_shape_status"": ""PASS""}","{""AANF"": ""PASS"", ""CMNF"": ""PASS"", ""DBNF"": ""PASS"", ""ECNF"": ""PASS"", ""PONF"": ""PASS"", ""RRNF"": ""PASS""}",,,payload_compliance,
INAmex,INAmex_payload_04.json,INAmex_CardPayment_v15,ALLOW,,,"{""canonical_srs_node"": ""card_primary_account_number"", ""evidence"": [""schema_match"", ""constraint pass""], ""path"": ""PrimaryAccountNumber"", ""raw_field"": ""PrimaryAccountNumber"", ""role"": ""card_account_identifier"", ""schema_attribute"": ""PrimaryAccountNumber"", ""semantic_family"": ""payment_card:pan"", ""value_shape_status"": ""PASS""}; {""canonical_srs_node"": ""card_expiration_date"", ""evidence"": [""schema_match"", ""constraint pass""], ""path"": ""ExpirationDate"", ""raw_field"": ""ExpirationDate"", ""role"": ""card_validity"", ""schema_attribute"": ""ExpirationDate"", ""semantic_family"": ""payment_card:expiration_date"", ""value_shape_status"": ""PASS""}; {""canonical_srs_node"": ""card_verification_value"", ""evidence"": [""schema_match"", ""constraint pass""], ""path"": ""CardVerificationValue"", ""raw_field"": ""CardVerificationValue"", ""role"": ""sensitive_authentication_data"", ""schema_attribute"": ""CardVerificationValue"", ""semantic_family"": ""payment_card:verification_value"", ""value_shape_status"": ""PASS""}; {""canonical_srs_node"": ""cardholder_name"", ""evidence"": [""schema_match"", ""constraint pass""], ""path"": ""CardHolderName"", ""raw_field"": ""CardHolderName"", ""role"": ""cardholder"", ""schema_attribute"": ""CardHolderName"", ""semantic_family"": ""party:cardholder_name"", ""value_shape_status"": ""PASS""}","{""AANF"": ""PASS"", ""CMNF"": ""PASS"", ""DBNF"": ""PASS"", ""ECNF"": ""PASS"", ""PONF"": ""PASS"", ""RRNF"": ""PASS""}",,,payload_compliance,
INAmex,INAmex_payload_05.json,INAmex_CardPayment_v15,ALLOW,,,"{""canonical_srs_node"": ""card_primary_account_number"", ""evidence"": [""schema_match"", ""constraint pass""], ""path"": ""PrimaryAccountNumber"", ""raw_field"": ""PrimaryAccountNumber"", ""role"": ""card_account_identifier"", ""schema_attribute"": ""PrimaryAccountNumber"", ""semantic_family"": ""payment_card:pan"", ""value_shape_status"": ""PASS""}; {""canonical_srs_node"": ""card_expiration_date"", ""evidence"": [""schema_match"", ""constraint pass""], ""path"": ""ExpirationDate"", ""raw_field"": ""ExpirationDate"", ""role"": ""card_validity"", ""schema_attribute"": ""ExpirationDate"", ""semantic_family"": ""payment_card:expiration_date"", ""value_shape_status"": ""PASS""}; {""canonical_srs_node"": ""card_verification_value"", ""evidence"": [""schema_match"", ""constraint pass""], ""path"": ""CardVerificationValue"", ""raw_field"": ""CardVerificationValue"", ""role"": ""sensitive_authentication_data"", ""schema_attribute"": ""CardVerificationValue"", ""semantic_family"": ""payment_card:verification_value"", ""value_shape_status"": ""PASS""}; {""canonical_srs_node"": ""cardholder_name"", ""evidence"": [""schema_match"", ""constraint pass""], ""path"": ""CardHolderName"", ""raw_field"": ""CardHolderName"", ""role"": ""cardholder"", ""schema_attribute"": ""CardHolderName"", ""semantic_family"": ""party:cardholder_name"", ""value_shape_status"": ""PASS""}","{""AANF"": ""PASS"", ""CMNF"": ""PASS"", ""DBNF"": ""PASS"", ""ECNF"": ""PASS"", ""PONF"": ""PASS"", ""RRNF"": ""PASS""}",,,payload_compliance,
INAmex,INAmex_payload_06.json,INAmex_CardPayment_v15,ALLOW,,,"{""canonical_srs_node"": ""card_primary_account_number"", ""evidence"": [""schema_match"", ""constraint pass""], ""path"": ""PrimaryAccountNumber"", ""raw_field"": ""PrimaryAccountNumber"", ""role"": ""card_account_identifier"", ""schema_attribute"": ""PrimaryAccountNumber"", ""semantic_family"": ""payment_card:pan"", ""value_shape_status"": ""PASS""}; {""canonical_srs_node"": ""card_expiration_date"", ""evidence"": [""schema_match"", ""constraint pass""], ""path"": ""ExpirationDate"", ""raw_field"": ""ExpirationDate"", ""role"": ""card_validity"", ""schema_attribute"": ""ExpirationDate"", ""semantic_family"": ""payment_card:expiration_date"", ""value_shape_status"": ""PASS""}; {""canonical_srs_node"": ""card_verification_value"", ""evidence"": [""schema_match"", ""constraint pass""], ""path"": ""CardVerificationValue"", ""raw_field"": ""CardVerificationValue"", ""role"": ""sensitive_authentication_data"", ""schema_attribute"": ""CardVerificationValue"", ""semantic_family"": ""payment_card:verification_value"", ""value_shape_status"": ""PASS""}; {""canonical_srs_node"": ""cardholder_name"", ""evidence"": [""schema_match"", ""constraint pass""], ""path"": ""CardHolderName"", ""raw_field"": ""CardHolderName"", ""role"": ""cardholder"", ""schema_attribute"": ""CardHolderName"", ""semantic_family"": ""party:cardholder_name"", ""value_shape_status"": ""PASS""}","{""AANF"": ""PASS"", ""CMNF"": ""PASS"", ""DBNF"": ""PASS"", ""ECNF"": ""PASS"", ""PONF"": ""PASS"", ""RRNF"": ""PASS""}",,,payload_compliance,
INAmex,INAmex_payload_07.json,INAmex_CardPayment_v15,ALLOW,,,"{""canonical_srs_node"": ""card_primary_account_number"", ""evidence"": [""schema_match"", ""constraint pass""], ""path"": ""PrimaryAccountNumber"", ""raw_field"": ""PrimaryAccountNumber"", ""role"": ""card_account_identifier"", ""schema_attribute"": ""PrimaryAccountNumber"", ""semantic_family"": ""payment_card:pan"", ""value_shape_status"": ""PASS""}; {""canonical_srs_node"": ""card_expiration_date"", ""evidence"": [""schema_match"", ""constraint pass""], ""path"": ""ExpirationDate"", ""raw_field"": ""ExpirationDate"", ""role"": ""card_validity"", ""schema_attribute"": ""ExpirationDate"", ""semantic_family"": ""payment_card:expiration_date"", ""value_shape_status"": ""PASS""}; {""canonical_srs_node"": ""card_verification_value"", ""evidence"": [""schema_match"", ""constraint pass""], ""path"": ""CardVerificationValue"", ""raw_field"": ""CardVerificationValue"", ""role"": ""sensitive_authentication_data"", ""schema_attribute"": ""CardVerificationValue"", ""semantic_family"": ""payment_card:verification_value"", ""value_shape_status"": ""PASS""}; {""canonical_srs_node"": ""cardholder_name"", ""evidence"": [""schema_match"", ""constraint pass""], ""path"": ""CardHolderName"", ""raw_field"": ""CardHolderName"", ""role"": ""cardholder"", ""schema_attribute"": ""CardHolderName"", ""semantic_family"": ""party:cardholder_name"", ""value_shape_status"": ""PASS""}","{""AANF"": ""PASS"", ""CMNF"": ""PASS"", ""DBNF"": ""PASS"", ""ECNF"": ""PASS"", ""PONF"": ""PASS"", ""RRNF"": ""PASS""}",,,payload_compliance,
INAmex,INAmex_payload_08.json,INAmex_CardPayment_v15,ALLOW,,,"{""canonical_srs_node"": ""card_primary_account_number"", ""evidence"": [""schema_match"", ""constraint pass""], ""path"": ""PrimaryAccountNumber"", ""raw_field"": ""PrimaryAccountNumber"", ""role"": ""card_account_identifier"", ""schema_attribute"": ""PrimaryAccountNumber"", ""semantic_family"": ""payment_card:pan"", ""value_shape_status"": ""PASS""}; {""canonical_srs_node"": ""card_expiration_date"", ""evidence"": [""schema_match"", ""constraint pass""], ""path"": ""ExpirationDate"", ""raw_field"": ""ExpirationDate"", ""role"": ""card_validity"", ""schema_attribute"": ""ExpirationDate"", ""semantic_family"": ""payment_card:expiration_date"", ""value_shape_status"": ""PASS""}; {""canonical_srs_node"": ""card_verification_value"", ""evidence"": [""schema_match"", ""constraint pass""], ""path"": ""CardVerificationValue"", ""raw_field"": ""CardVerificationValue"", ""role"": ""sensitive_authentication_data"", ""schema_attribute"": ""CardVerificationValue"", ""semantic_family"": ""payment_card:verification_value"", ""value_shape_status"": ""PASS""}; {""canonical_srs_node"": ""cardholder_name"", ""evidence"": [""schema_match"", ""constraint pass""], ""path"": ""CardHolderName"", ""raw_field"": ""CardHolderName"", ""role"": ""cardholder"", ""schema_attribute"": ""CardHolderName"", ""semantic_family"": ""party:cardholder_name"", ""value_shape_status"": ""PASS""}","{""AANF"": ""PASS"", ""CMNF"": ""PASS"", ""DBNF"": ""PASS"", ""ECNF"": ""PASS"", ""PONF"": ""PASS"", ""RRNF"": ""PASS""}",,,payload_compliance,
ISO20022,ISO20022_payload_01.json,ISO20022_pacs008_CreditTransfer_v15,ALLOW,,,"{""canonical_srs_node"": ""message_identifier"", ""evidence"": [""schema_match"", ""constraint pass""], ""path"": ""msg_id"", ""raw_field"": ""msg_id"", ""role"": ""group_header_message_id"", ""schema_attribute"": ""msg_id"", ""semantic_family"": ""identifier:message"", ""value_shape_status"": ""PASS""}; {""canonical_srs_node"": ""end_to_end_identifier"", ""evidence"": [""schema_match"", ""constraint pass""], ""path"": ""end_to_end_id"", ""raw_field"": ""end_to_end_id"", ""role"": ""payment_chain_reference"", ""schema_attribute"": ""end_to_end_id"", ""semantic_family"": ""identifier:end_to_end_payment"", ""value_shape_status"": ""PASS""}; {""canonical_srs_node"": ""payment_amount"", ""evidence"": [""schema_match"", ""constraint pass""], ""path"": ""instd_amt"", ""raw_field"": ""instd_amt"", ""role"": ""instructed_amount"", ""schema_attribute"": ""instd_amt"", ""semantic_family"": ""payment:amount"", ""value_shape_status"": ""PASS""}; {""canonical_srs_node"": ""payment_currency"", ""evidence"": [""schema_match"", ""constraint pass""], ""path"": ""currency"", ""raw_field"": ""currency"", ""role"": ""currency_code"", ""schema_attribute"": ""currency"", ""semantic_family"": ""payment:currency"", ""value_shape_status"": ""PASS""}; {""canonical_srs_node"": ""debtor_name"", ""evidence"": [""schema_match"", ""constraint pass""], ""path"": ""dbtr_nm"", ""raw_field"": ""dbtr_nm"", ""role"": ""debtor"", ""schema_attribute"": ""dbtr_nm"", ""semantic_family"": ""party:debtor_name"", ""value_shape_status"": ""PASS""}; {""canonical_srs_node"": ""creditor_name"", ""evidence"": [""schema_match"", ""constraint pass""], ""path"": ""cdtr_nm"", ""raw_field"": ""cdtr_nm"", ""role"": ""creditor"", ""schema_attribute"": ""cdtr_nm"", ""semantic_family"": ""party:creditor_name"", ""value_shape_status"": ""PASS""}; {""canonical_srs_node"": ""debtor_account"", ""evidence"": [""schema_match"", ""constraint pass""], ""path"": ""dbtr_acct"", ""raw_field"": ""dbtr_acct"", ""role"": ""debtor_account"", ""schema_attribute"": ""dbtr_acct"", ""semantic_family"": ""payment_account:debtor_account"", ""value_shape_status"": ""PASS""}; {""canonical_srs_node"": ""creditor_account"", ""evidence"": [""schema_match"", ""constraint pass""], ""path"": ""cdtr_acct"", ""raw_field"": ""cdtr_acct"", ""role"": ""creditor_account"", ""schema_attribute"": ""cdtr_acct"", ""semantic_family"": ""payment_account:creditor_account"", ""value_shape_status"": ""PASS""}; {""canonical_srs_node"": ""requested_execution_date"", ""evidence"": [""schema_match"", ""constraint pass""], ""path"": ""reqd_exctn_dt"", ""raw_field"": ""reqd_exctn_dt"", ""role"": ""requested_execution_date"", ""schema_attribute"": ""reqd_exctn_dt"", ""semantic_family"": ""temporal:requested_execution_date"", ""value_shape_status"": ""PASS""}","{""AANF"": ""PASS"", ""CMNF"": ""PASS"", ""DBNF"": ""PASS"", ""ECNF"": ""PASS"", ""PONF"": ""PASS"", ""RRNF"": ""PASS""}",,,payload_compliance,
ISO20022,ISO20022_payload_02.json,ISO20022_pacs008_CreditTransfer_v15,ALLOW,,,"{""canonical_srs_node"": ""message_identifier"", ""evidence"": [""schema_match"", ""constraint pass""], ""path"": ""msg_id"", ""raw_field"": ""msg_id"", ""role"": ""group_header_message_id"", ""schema_attribute"": ""msg_id"", ""semantic_family"": ""identifier:message"", ""value_shape_status"": ""PASS""}; {""canonical_srs_node"": ""end_to_end_identifier"", ""evidence"": [""schema_match"", ""constraint pass""], ""path"": ""end_to_end_id"", ""raw_field"": ""end_to_end_id"", ""role"": ""payment_chain_reference"", ""schema_attribute"": ""end_to_end_id"", ""semantic_family"": ""identifier:end_to_end_payment"", ""value_shape_status"": ""PASS""}; {""canonical_srs_node"": ""payment_amount"", ""evidence"": [""schema_match"", ""constraint pass""], ""path"": ""instd_amt"", ""raw_field"": ""instd_amt"", ""role"": ""instructed_amount"", ""schema_attribute"": ""instd_amt"", ""semantic_family"": ""payment:amount"", ""value_shape_status"": ""PASS""}; {""canonical_srs_node"": ""payment_currency"", ""evidence"": [""schema_match"", ""constraint pass""], ""path"": ""currency"", ""raw_field"": ""currency"", ""role"": ""currency_code"", ""schema_attribute"": ""currency"", ""semantic_family"": ""payment:currency"", ""value_shape_status"": ""PASS""}; {""canonical_srs_node"": ""debtor_name"", ""evidence"": [""schema_match"", ""constraint pass""], ""path"": ""dbtr_nm"", ""raw_field"": ""dbtr_nm"", ""role"": ""debtor"", ""schema_attribute"": ""dbtr_nm"", ""semantic_family"": ""party:debtor_name"", ""value_shape_status"": ""PASS""}; {""canonical_srs_node"": ""creditor_name"", ""evidence"": [""schema_match"", ""constraint pass""], ""path"": ""cdtr_nm"", ""raw_field"": ""cdtr_nm"", ""role"": ""creditor"", ""schema_attribute"": ""cdtr_nm"", ""semantic_family"": ""party:creditor_name"", ""value_shape_status"": ""PASS""}; {""canonical_srs_node"": ""debtor_account"", ""evidence"": [""schema_match"", ""constraint pass""], ""path"": ""dbtr_acct"", ""raw_field"": ""dbtr_acct"", ""role"": ""debtor_account"", ""schema_attribute"": ""dbtr_acct"", ""semantic_family"": ""payment_account:debtor_account"", ""value_shape_status"": ""PASS""}; {""canonical_srs_node"": ""creditor_account"", ""evidence"": [""schema_match"", ""constraint pass""], ""path"": ""cdtr_acct"", ""raw_field"": ""cdtr_acct"", ""role"": ""creditor_account"", ""schema_attribute"": ""cdtr_acct"", ""semantic_family"": ""payment_account:creditor_account"", ""value_shape_status"": ""PASS""}; {""canonical_srs_node"": ""requested_execution_date"", ""evidence"": [""schema_match"", ""constraint pass""], ""path"": ""reqd_exctn_dt"", ""raw_field"": ""reqd_exctn_dt"", ""role"": ""requested_execution_date"", ""schema_attribute"": ""reqd_exctn_dt"", ""semantic_family"": ""temporal:requested_execution_date"", ""value_shape_status"": ""PASS""}","{""AANF"": ""PASS"", ""CMNF"": ""PASS"", ""DBNF"": ""PASS"", ""ECNF"": ""PASS"", ""PONF"": ""PASS"", ""RRNF"": ""PASS""}",,,payload_compliance,
ISO20022,ISO20022_payload_03.json,ISO20022_pacs008_CreditTransfer_v15,ALLOW,,,"{""canonical_srs_node"": ""message_identifier"", ""evidence"": [""schema_match"", ""constraint pass""], ""path"": ""msg_id"", ""raw_field"": ""msg_id"", ""role"": ""group_header_message_id"", ""schema_attribute"": ""msg_id"", ""semantic_family"": ""identifier:message"", ""value_shape_status"": ""PASS""}; {""canonical_srs_node"": ""end_to_end_identifier"", ""evidence"": [""schema_match"", ""constraint pass""], ""path"": ""end_to_end_id"", ""raw_field"": ""end_to_end_id"", ""role"": ""payment_chain_reference"", ""schema_attribute"": ""end_to_end_id"", ""semantic_family"": ""identifier:end_to_end_payment"", ""value_shape_status"": ""PASS""}; {""canonical_srs_node"": ""payment_amount"", ""evidence"": [""schema_match"", ""constraint pass""], ""path"": ""instd_amt"", ""raw_field"": ""instd_amt"", ""role"": ""instructed_amount"", ""schema_attribute"": ""instd_amt"", ""semantic_family"": ""payment:amount"", ""value_shape_status"": ""PASS""}; {""canonical_srs_node"": ""payment_currency"", ""evidence"": [""schema_match"", ""constraint pass""], ""path"": ""currency"", ""raw_field"": ""currency"", ""role"": ""currency_code"", ""schema_attribute"": ""currency"", ""semantic_family"": ""payment:currency"", ""value_shape_status"": ""PASS""}; {""canonical_srs_node"": ""debtor_name"", ""evidence"": [""schema_match"", ""constraint pass""], ""path"": ""dbtr_nm"", ""raw_field"": ""dbtr_nm"", ""role"": ""debtor"", ""schema_attribute"": ""dbtr_nm"", ""semantic_family"": ""party:debtor_name"", ""value_shape_status"": ""PASS""}; {""canonical_srs_node"": ""creditor_name"", ""evidence"": [""schema_match"", ""constraint pass""], ""path"": ""cdtr_nm"", ""raw_field"": ""cdtr_nm"", ""role"": ""creditor"", ""schema_attribute"": ""cdtr_nm"", ""semantic_family"": ""party:creditor_name"", ""value_shape_status"": ""PASS""}; {""canonical_srs_node"": ""debtor_account"", ""evidence"": [""schema_match"", ""constraint pass""], ""path"": ""dbtr_acct"", ""raw_field"": ""dbtr_acct"", ""role"": ""debtor_account"", ""schema_attribute"": ""dbtr_acct"", ""semantic_family"": ""payment_account:debtor_account"", ""value_shape_status"": ""PASS""}; {""canonical_srs_node"": ""creditor_account"", ""evidence"": [""schema_match"", ""constraint pass""], ""path"": ""cdtr_acct"", ""raw_field"": ""cdtr_acct"", ""role"": ""creditor_account"", ""schema_attribute"": ""cdtr_acct"", ""semantic_family"": ""payment_account:creditor_account"", ""value_shape_status"": ""PASS""}; {""canonical_srs_node"": ""requested_execution_date"", ""evidence"": [""schema_match"", ""constraint pass""], ""path"": ""reqd_exctn_dt"", ""raw_field"": ""reqd_exctn_dt"", ""role"": ""requested_execution_date"", ""schema_attribute"": ""reqd_exctn_dt"", ""semantic_family"": ""temporal:requested_execution_date"", ""value_shape_status"": ""PASS""}","{""AANF"": ""PASS"", ""CMNF"": ""PASS"", ""DBNF"": ""PASS"", ""ECNF"": ""PASS"", ""PONF"": ""PASS"", ""RRNF"": ""PASS""}",,,payload_compliance,
ISO20022,ISO20022_payload_04.json,ISO20022_pacs008_CreditTransfer_v15,ALLOW,,,"{""canonical_srs_node"": ""message_identifier"", ""evidence"": [""schema_match"", ""constraint pass""], ""path"": ""msg_id"", ""raw_field"": ""msg_id"", ""role"": ""group_header_message_id"", ""schema_attribute"": ""msg_id"", ""semantic_family"": ""identifier:message"", ""value_shape_status"": ""PASS""}; {""canonical_srs_node"": ""end_to_end_identifier"", ""evidence"": [""schema_match"", ""constraint pass""], ""path"": ""end_to_end_id"", ""raw_field"": ""end_to_end_id"", ""role"": ""payment_chain_reference"", ""schema_attribute"": ""end_to_end_id"", ""semantic_family"": ""identifier:end_to_end_payment"", ""value_shape_status"": ""PASS""}; {""canonical_srs_node"": ""payment_amount"", ""evidence"": [""schema_match"", ""constraint pass""], ""path"": ""instd_amt"", ""raw_field"": ""instd_amt"", ""role"": ""instructed_amount"", ""schema_attribute"": ""instd_amt"", ""semantic_family"": ""payment:amount"", ""value_shape_status"": ""PASS""}; {""canonical_srs_node"": ""payment_currency"", ""evidence"": [""schema_match"", ""constraint pass""], ""path"": ""currency"", ""raw_field"": ""currency"", ""role"": ""currency_code"", ""schema_attribute"": ""currency"", ""semantic_family"": ""payment:currency"", ""value_shape_status"": ""PASS""}; {""canonical_srs_node"": ""debtor_name"", ""evidence"": [""schema_match"", ""constraint pass""], ""path"": ""dbtr_nm"", ""raw_field"": ""dbtr_nm"", ""role"": ""debtor"", ""schema_attribute"": ""dbtr_nm"", ""semantic_family"": ""party:debtor_name"", ""value_shape_status"": ""PASS""}; {""canonical_srs_node"": ""creditor_name"", ""evidence"": [""schema_match"", ""constraint pass""], ""path"": ""cdtr_nm"", ""raw_field"": ""cdtr_nm"", ""role"": ""creditor"", ""schema_attribute"": ""cdtr_nm"", ""semantic_family"": ""party:creditor_name"", ""value_shape_status"": ""PASS""}; {""canonical_srs_node"": ""debtor_account"", ""evidence"": [""schema_match"", ""constraint pass""], ""path"": ""dbtr_acct"", ""raw_field"": ""dbtr_acct"", ""role"": ""debtor_account"", ""schema_attribute"": ""dbtr_acct"", ""semantic_family"": ""payment_account:debtor_account"", ""value_shape_status"": ""PASS""}; {""canonical_srs_node"": ""creditor_account"", ""evidence"": [""schema_match"", ""constraint pass""], ""path"": ""cdtr_acct"", ""raw_field"": ""cdtr_acct"", ""role"": ""creditor_account"", ""schema_attribute"": ""cdtr_acct"", ""semantic_family"": ""payment_account:creditor_account"", ""value_shape_status"": ""PASS""}; {""canonical_srs_node"": ""requested_execution_date"", ""evidence"": [""schema_match"", ""constraint pass""], ""path"": ""reqd_exctn_dt"", ""raw_field"": ""reqd_exctn_dt"", ""role"": ""requested_execution_date"", ""schema_attribute"": ""reqd_exctn_dt"", ""semantic_family"": ""temporal:requested_execution_date"", ""value_shape_status"": ""PASS""}","{""AANF"": ""PASS"", ""CMNF"": ""PASS"", ""DBNF"": ""PASS"", ""ECNF"": ""PASS"", ""PONF"": ""PASS"", ""RRNF"": ""PASS""}",,,payload_compliance,
ISO20022,ISO20022_payload_05.json,ISO20022_pacs008_CreditTransfer_v15,ALLOW,,,"{""canonical_srs_node"": ""message_identifier"", ""evidence"": [""schema_match"", ""constraint pass""], ""path"": ""msg_id"", ""raw_field"": ""msg_id"", ""role"": ""group_header_message_id"", ""schema_attribute"": ""msg_id"", ""semantic_family"": ""identifier:message"", ""value_shape_status"": ""PASS""}; {""canonical_srs_node"": ""end_to_end_identifier"", ""evidence"": [""schema_match"", ""constraint pass""], ""path"": ""end_to_end_id"", ""raw_field"": ""end_to_end_id"", ""role"": ""payment_chain_reference"", ""schema_attribute"": ""end_to_end_id"", ""semantic_family"": ""identifier:end_to_end_payment"", ""value_shape_status"": ""PASS""}; {""canonical_srs_node"": ""payment_amount"", ""evidence"": [""schema_match"", ""constraint pass""], ""path"": ""instd_amt"", ""raw_field"": ""instd_amt"", ""role"": ""instructed_amount"", ""schema_attribute"": ""instd_amt"", ""semantic_family"": ""payment:amount"", ""value_shape_status"": ""PASS""}; {""canonical_srs_node"": ""payment_currency"", ""evidence"": [""schema_match"", ""constraint pass""], ""path"": ""currency"", ""raw_field"": ""currency"", ""role"": ""currency_code"", ""schema_attribute"": ""currency"", ""semantic_family"": ""payment:currency"", ""value_shape_status"": ""PASS""}; {""canonical_srs_node"": ""debtor_name"", ""evidence"": [""schema_match"", ""constraint pass""], ""path"": ""dbtr_nm"", ""raw_field"": ""dbtr_nm"", ""role"": ""debtor"", ""schema_attribute"": ""dbtr_nm"", ""semantic_family"": ""party:debtor_name"", ""value_shape_status"": ""PASS""}; {""canonical_srs_node"": ""creditor_name"", ""evidence"": [""schema_match"", ""constraint pass""], ""path"": ""cdtr_nm"", ""raw_field"": ""cdtr_nm"", ""role"": ""creditor"", ""schema_attribute"": ""cdtr_nm"", ""semantic_family"": ""party:creditor_name"", ""value_shape_status"": ""PASS""}; {""canonical_srs_node"": ""debtor_account"", ""evidence"": [""schema_match"", ""constraint pass""], ""path"": ""dbtr_acct"", ""raw_field"": ""dbtr_acct"", ""role"": ""debtor_account"", ""schema_attribute"": ""dbtr_acct"", ""semantic_family"": ""payment_account:debtor_account"", ""value_shape_status"": ""PASS""}; {""canonical_srs_node"": ""creditor_account"", ""evidence"": [""schema_match"", ""constraint pass""], ""path"": ""cdtr_acct"", ""raw_field"": ""cdtr_acct"", ""role"": ""creditor_account"", ""schema_attribute"": ""cdtr_acct"", ""semantic_family"": ""payment_account:creditor_account"", ""value_shape_status"": ""PASS""}; {""canonical_srs_node"": ""requested_execution_date"", ""evidence"": [""schema_match"", ""constraint pass""], ""path"": ""reqd_exctn_dt"", ""raw_field"": ""reqd_exctn_dt"", ""role"": ""requested_execution_date"", ""schema_attribute"": ""reqd_exctn_dt"", ""semantic_family"": ""temporal:requested_execution_date"", ""value_shape_status"": ""PASS""}","{""AANF"": ""PASS"", ""CMNF"": ""PASS"", ""DBNF"": ""PASS"", ""ECNF"": ""PASS"", ""PONF"": ""PASS"", ""RRNF"": ""PASS""}",,,payload_compliance,
ISO20022,ISO20022_payload_06.json,ISO20022_pacs008_CreditTransfer_v15,ALLOW,,,"{""canonical_srs_node"": ""message_identifier"", ""evidence"": [""schema_match"", ""constraint pass""], ""path"": ""msg_id"", ""raw_field"": ""msg_id"", ""role"": ""group_header_message_id"", ""schema_attribute"": ""msg_id"", ""semantic_family"": ""identifier:message"", ""value_shape_status"": ""PASS""}; {""canonical_srs_node"": ""end_to_end_identifier"", ""evidence"": [""schema_match"", ""constraint pass""], ""path"": ""end_to_end_id"", ""raw_field"": ""end_to_end_id"", ""role"": ""payment_chain_reference"", ""schema_attribute"": ""end_to_end_id"", ""semantic_family"": ""identifier:end_to_end_payment"", ""value_shape_status"": ""PASS""}; {""canonical_srs_node"": ""payment_amount"", ""evidence"": [""schema_match"", ""constraint pass""], ""path"": ""instd_amt"", ""raw_field"": ""instd_amt"", ""role"": ""instructed_amount"", ""schema_attribute"": ""instd_amt"", ""semantic_family"": ""payment:amount"", ""value_shape_status"": ""PASS""}; {""canonical_srs_node"": ""payment_currency"", ""evidence"": [""schema_match"", ""constraint pass""], ""path"": ""currency"", ""raw_field"": ""currency"", ""role"": ""currency_code"", ""schema_attribute"": ""currency"", ""semantic_family"": ""payment:currency"", ""value_shape_status"": ""PASS""}; {""canonical_srs_node"": ""debtor_name"", ""evidence"": [""schema_match"", ""constraint pass""], ""path"": ""dbtr_nm"", ""raw_field"": ""dbtr_nm"", ""role"": ""debtor"", ""schema_attribute"": ""dbtr_nm"", ""semantic_family"": ""party:debtor_name"", ""value_shape_status"": ""PASS""}; {""canonical_srs_node"": ""creditor_name"", ""evidence"": [""schema_match"", ""constraint pass""], ""path"": ""cdtr_nm"", ""raw_field"": ""cdtr_nm"", ""role"": ""creditor"", ""schema_attribute"": ""cdtr_nm"", ""semantic_family"": ""party:creditor_name"", ""value_shape_status"": ""PASS""}; {""canonical_srs_node"": ""debtor_account"", ""evidence"": [""schema_match"", ""constraint pass""], ""path"": ""dbtr_acct"", ""raw_field"": ""dbtr_acct"", ""role"": ""debtor_account"", ""schema_attribute"": ""dbtr_acct"", ""semantic_family"": ""payment_account:debtor_account"", ""value_shape_status"": ""PASS""}; {""canonical_srs_node"": ""creditor_account"", ""evidence"": [""schema_match"", ""constraint pass""], ""path"": ""cdtr_acct"", ""raw_field"": ""cdtr_acct"", ""role"": ""creditor_account"", ""schema_attribute"": ""cdtr_acct"", ""semantic_family"": ""payment_account:creditor_account"", ""value_shape_status"": ""PASS""}; {""canonical_srs_node"": ""requested_execution_date"", ""evidence"": [""schema_match"", ""constraint pass""], ""path"": ""reqd_exctn_dt"", ""raw_field"": ""reqd_exctn_dt"", ""role"": ""requested_execution_date"", ""schema_attribute"": ""reqd_exctn_dt"", ""semantic_family"": ""temporal:requested_execution_date"", ""value_shape_status"": ""PASS""}","{""AANF"": ""PASS"", ""CMNF"": ""PASS"", ""DBNF"": ""PASS"", ""ECNF"": ""PASS"", ""PONF"": ""PASS"", ""RRNF"": ""PASS""}",,,payload_compliance,
ISO20022,ISO20022_payload_07.json,ISO20022_pacs008_CreditTransfer_v15,ALLOW,,,"{""canonical_srs_node"": ""message_identifier"", ""evidence"": [""schema_match"", ""constraint pass""], ""path"": ""msg_id"", ""raw_field"": ""msg_id"", ""role"": ""group_header_message_id"", ""schema_attribute"": ""msg_id"", ""semantic_family"": ""identifier:message"", ""value_shape_status"": ""PASS""}; {""canonical_srs_node"": ""end_to_end_identifier"", ""evidence"": [""schema_match"", ""constraint pass""], ""path"": ""end_to_end_id"", ""raw_field"": ""end_to_end_id"", ""role"": ""payment_chain_reference"", ""schema_attribute"": ""end_to_end_id"", ""semantic_family"": ""identifier:end_to_end_payment"", ""value_shape_status"": ""PASS""}; {""canonical_srs_node"": ""payment_amount"", ""evidence"": [""schema_match"", ""constraint pass""], ""path"": ""instd_amt"", ""raw_field"": ""instd_amt"", ""role"": ""instructed_amount"", ""schema_attribute"": ""instd_amt"", ""semantic_family"": ""payment:amount"", ""value_shape_status"": ""PASS""}; {""canonical_srs_node"": ""payment_currency"", ""evidence"": [""schema_match"", ""constraint pass""], ""path"": ""currency"", ""raw_field"": ""currency"", ""role"": ""currency_code"", ""schema_attribute"": ""currency"", ""semantic_family"": ""payment:currency"", ""value_shape_status"": ""PASS""}; {""canonical_srs_node"": ""debtor_name"", ""evidence"": [""schema_match"", ""constraint pass""], ""path"": ""dbtr_nm"", ""raw_field"": ""dbtr_nm"", ""role"": ""debtor"", ""schema_attribute"": ""dbtr_nm"", ""semantic_family"": ""party:debtor_name"", ""value_shape_status"": ""PASS""}; {""canonical_srs_node"": ""creditor_name"", ""evidence"": [""schema_match"", ""constraint pass""], ""path"": ""cdtr_nm"", ""raw_field"": ""cdtr_nm"", ""role"": ""creditor"", ""schema_attribute"": ""cdtr_nm"", ""semantic_family"": ""party:creditor_name"", ""value_shape_status"": ""PASS""}; {""canonical_srs_node"": ""debtor_account"", ""evidence"": [""schema_match"", ""constraint pass""], ""path"": ""dbtr_acct"", ""raw_field"": ""dbtr_acct"", ""role"": ""debtor_account"", ""schema_attribute"": ""dbtr_acct"", ""semantic_family"": ""payment_account:debtor_account"", ""value_shape_status"": ""PASS""}; {""canonical_srs_node"": ""creditor_account"", ""evidence"": [""schema_match"", ""constraint pass""], ""path"": ""cdtr_acct"", ""raw_field"": ""cdtr_acct"", ""role"": ""creditor_account"", ""schema_attribute"": ""cdtr_acct"", ""semantic_family"": ""payment_account:creditor_account"", ""value_shape_status"": ""PASS""}; {""canonical_srs_node"": ""requested_execution_date"", ""evidence"": [""schema_match"", ""constraint pass""], ""path"": ""reqd_exctn_dt"", ""raw_field"": ""reqd_exctn_dt"", ""role"": ""requested_execution_date"", ""schema_attribute"": ""reqd_exctn_dt"", ""semantic_family"": ""temporal:requested_execution_date"", ""value_shape_status"": ""PASS""}","{""AANF"": ""PASS"", ""CMNF"": ""PASS"", ""DBNF"": ""PASS"", ""ECNF"": ""PASS"", ""PONF"": ""PASS"", ""RRNF"": ""PASS""}",,,payload_compliance,
ISO20022,ISO20022_payload_08.json,ISO20022_pacs008_CreditTransfer_v15,ALLOW,,,"{""canonical_srs_node"": ""message_identifier"", ""evidence"": [""schema_match"", ""constraint pass""], ""path"": ""msg_id"", ""raw_field"": ""msg_id"", ""role"": ""group_header_message_id"", ""schema_attribute"": ""msg_id"", ""semantic_family"": ""identifier:message"", ""value_shape_status"": ""PASS""}; {""canonical_srs_node"": ""end_to_end_identifier"", ""evidence"": [""schema_match"", ""constraint pass""], ""path"": ""end_to_end_id"", ""raw_field"": ""end_to_end_id"", ""role"": ""payment_chain_reference"", ""schema_attribute"": ""end_to_end_id"", ""semantic_family"": ""identifier:end_to_end_payment"", ""value_shape_status"": ""PASS""}; {""canonical_srs_node"": ""payment_amount"", ""evidence"": [""schema_match"", ""constraint pass""], ""path"": ""instd_amt"", ""raw_field"": ""instd_amt"", ""role"": ""instructed_amount"", ""schema_attribute"": ""instd_amt"", ""semantic_family"": ""payment:amount"", ""value_shape_status"": ""PASS""}; {""canonical_srs_node"": ""payment_currency"", ""evidence"": [""schema_match"", ""constraint pass""], ""path"": ""currency"", ""raw_field"": ""currency"", ""role"": ""currency_code"", ""schema_attribute"": ""currency"", ""semantic_family"": ""payment:currency"", ""value_shape_status"": ""PASS""}; {""canonical_srs_node"": ""debtor_name"", ""evidence"": [""schema_match"", ""constraint pass""], ""path"": ""dbtr_nm"", ""raw_field"": ""dbtr_nm"", ""role"": ""debtor"", ""schema_attribute"": ""dbtr_nm"", ""semantic_family"": ""party:debtor_name"", ""value_shape_status"": ""PASS""}; {""canonical_srs_node"": ""creditor_name"", ""evidence"": [""schema_match"", ""constraint pass""], ""path"": ""cdtr_nm"", ""raw_field"": ""cdtr_nm"", ""role"": ""creditor"", ""schema_attribute"": ""cdtr_nm"", ""semantic_family"": ""party:creditor_name"", ""value_shape_status"": ""PASS""}; {""canonical_srs_node"": ""debtor_account"", ""evidence"": [""schema_match"", ""constraint pass""], ""path"": ""dbtr_acct"", ""raw_field"": ""dbtr_acct"", ""role"": ""debtor_account"", ""schema_attribute"": ""dbtr_acct"", ""semantic_family"": ""payment_account:debtor_account"", ""value_shape_status"": ""PASS""}; {""canonical_srs_node"": ""creditor_account"", ""evidence"": [""schema_match"", ""constraint pass""], ""path"": ""cdtr_acct"", ""raw_field"": ""cdtr_acct"", ""role"": ""creditor_account"", ""schema_attribute"": ""cdtr_acct"", ""semantic_family"": ""payment_account:creditor_account"", ""value_shape_status"": ""PASS""}; {""canonical_srs_node"": ""requested_execution_date"", ""evidence"": [""schema_match"", ""constraint pass""], ""path"": ""reqd_exctn_dt"", ""raw_field"": ""reqd_exctn_dt"", ""role"": ""requested_execution_date"", ""schema_attribute"": ""reqd_exctn_dt"", ""semantic_family"": ""temporal:requested_execution_date"", ""value_shape_status"": ""PASS""}","{""AANF"": ""PASS"", ""CMNF"": ""PASS"", ""DBNF"": ""PASS"", ""ECNF"": ""PASS"", ""PONF"": ""PASS"", ""RRNF"": ""PASS""}",,,payload_compliance,
Mastercard,Mastercard_payload_01.json,Mastercard_ISO8583_CardAuthorization_v15,ALLOW,,,"{""canonical_srs_node"": ""card_primary_account_number"", ""evidence"": [""schema_match"", ""constraint pass""], ""path"": ""primary_account_number"", ""raw_field"": ""primary_account_number"", ""role"": ""card_account_identifier"", ""schema_attribute"": ""primary_account_number"", ""semantic_family"": ""payment_card:pan"", ""value_shape_status"": ""PASS""}; {""canonical_srs_node"": ""processing_code"", ""evidence"": [""schema_match"", ""constraint pass""], ""path"": ""processing_code"", ""raw_field"": ""processing_code"", ""role"": ""transaction_processing_type"", ""schema_attribute"": ""processing_code"", ""semantic_family"": ""iso8583:processing_code"", ""value_shape_status"": ""PASS""}; {""canonical_srs_node"": ""payment_amount"", ""evidence"": [""schema_match"", ""constraint pass""], ""path"": ""transaction_amount"", ""raw_field"": ""transaction_amount"", ""role"": ""transaction_amount"", ""schema_attribute"": ""transaction_amount"", ""semantic_family"": ""payment:amount"", ""value_shape_status"": ""PASS""}; {""canonical_srs_node"": ""transmission_datetime"", ""evidence"": [""schema_match"", ""constraint pass""], ""path"": ""transmission_datetime"", ""raw_field"": ""transmission_datetime"", ""role"": ""message_transmission_time"", ""schema_attribute"": ""transmission_datetime"", ""semantic_family"": ""temporal:transmission_datetime"", ""value_shape_status"": ""PASS""}; {""canonical_srs_node"": ""system_trace_audit_number"", ""evidence"": [""schema_match"", ""constraint pass""], ""path"": ""system_trace_audit_number"", ""raw_field"": ""system_trace_audit_number"", ""role"": ""message_trace_identifier"", ""schema_attribute"": ""system_trace_audit_number"", ""semantic_family"": ""identifier:stan"", ""value_shape_status"": ""PASS""}; {""canonical_srs_node"": ""merchant_category_code"", ""evidence"": [""schema_match"", ""constraint pass""], ""path"": ""merchant_category_code"", ""raw_field"": ""merchant_category_code"", ""role"": ""merchant_classification"", ""schema_attribute"": ""merchant_category_code"", ""semantic_family"": ""merchant:category_code"", ""value_shape_status"": ""PASS""}; {""canonical_srs_node"": ""card_acceptor_identifier"", ""evidence"": [""schema_match"", ""constraint pass""], ""path"": ""card_acceptor_id"", ""raw_field"": ""card_acceptor_id"", ""role"": ""merchant_acceptor_identifier"", ""schema_attribute"": ""card_acceptor_id"", ""semantic_family"": ""identifier:card_acceptor"", ""value_shape_status"": ""PASS""}","{""AANF"": ""PASS"", ""CMNF"": ""PASS"", ""DBNF"": ""PASS"", ""ECNF"": ""PASS"", ""PONF"": ""PASS"", ""RRNF"": ""PASS""}",,,payload_compliance,
Mastercard,Mastercard_payload_02.json,Mastercard_ISO8583_CardAuthorization_v15,ALLOW,,,"{""canonical_srs_node"": ""card_primary_account_number"", ""evidence"": [""schema_match"", ""constraint pass""], ""path"": ""primary_account_number"", ""raw_field"": ""primary_account_number"", ""role"": ""card_account_identifier"", ""schema_attribute"": ""primary_account_number"", ""semantic_family"": ""payment_card:pan"", ""value_shape_status"": ""PASS""}; {""canonical_srs_node"": ""processing_code"", ""evidence"": [""schema_match"", ""constraint pass""], ""path"": ""processing_code"", ""raw_field"": ""processing_code"", ""role"": ""transaction_processing_type"", ""schema_attribute"": ""processing_code"", ""semantic_family"": ""iso8583:processing_code"", ""value_shape_status"": ""PASS""}; {""canonical_srs_node"": ""payment_amount"", ""evidence"": [""schema_match"", ""constraint pass""], ""path"": ""transaction_amount"", ""raw_field"": ""transaction_amount"", ""role"": ""transaction_amount"", ""schema_attribute"": ""transaction_amount"", ""semantic_family"": ""payment:amount"", ""value_shape_status"": ""PASS""}; {""canonical_srs_node"": ""transmission_datetime"", ""evidence"": [""schema_match"", ""constraint pass""], ""path"": ""transmission_datetime"", ""raw_field"": ""transmission_datetime"", ""role"": ""message_transmission_time"", ""schema_attribute"": ""transmission_datetime"", ""semantic_family"": ""temporal:transmission_datetime"", ""value_shape_status"": ""PASS""}; {""canonical_srs_node"": ""system_trace_audit_number"", ""evidence"": [""schema_match"", ""constraint pass""], ""path"": ""system_trace_audit_number"", ""raw_field"": ""system_trace_audit_number"", ""role"": ""message_trace_identifier"", ""schema_attribute"": ""system_trace_audit_number"", ""semantic_family"": ""identifier:stan"", ""value_shape_status"": ""PASS""}; {""canonical_srs_node"": ""merchant_category_code"", ""evidence"": [""schema_match"", ""constraint pass""], ""path"": ""merchant_category_code"", ""raw_field"": ""merchant_category_code"", ""role"": ""merchant_classification"", ""schema_attribute"": ""merchant_category_code"", ""semantic_family"": ""merchant:category_code"", ""value_shape_status"": ""PASS""}; {""canonical_srs_node"": ""card_acceptor_identifier"", ""evidence"": [""schema_match"", ""constraint pass""], ""path"": ""card_acceptor_id"", ""raw_field"": ""card_acceptor_id"", ""role"": ""merchant_acceptor_identifier"", ""schema_attribute"": ""card_acceptor_id"", ""semantic_family"": ""identifier:card_acceptor"", ""value_shape_status"": ""PASS""}","{""AANF"": ""PASS"", ""CMNF"": ""PASS"", ""DBNF"": ""PASS"", ""ECNF"": ""PASS"", ""PONF"": ""PASS"", ""RRNF"": ""PASS""}",,,payload_compliance,
Mastercard,Mastercard_payload_03.json,Mastercard_ISO8583_CardAuthorization_v15,ALLOW,,,"{""canonical_srs_node"": ""card_primary_account_number"", ""evidence"": [""schema_match"", ""constraint pass""], ""path"": ""primary_account_number"", ""raw_field"": ""primary_account_number"", ""role"": ""card_account_identifier"", ""schema_attribute"": ""primary_account_number"", ""semantic_family"": ""payment_card:pan"", ""value_shape_status"": ""PASS""}; {""canonical_srs_node"": ""processing_code"", ""evidence"": [""schema_match"", ""constraint pass""], ""path"": ""processing_code"", ""raw_field"": ""processing_code"", ""role"": ""transaction_processing_type"", ""schema_attribute"": ""processing_code"", ""semantic_family"": ""iso8583:processing_code"", ""value_shape_status"": ""PASS""}; {""canonical_srs_node"": ""payment_amount"", ""evidence"": [""schema_match"", ""constraint pass""], ""path"": ""transaction_amount"", ""raw_field"": ""transaction_amount"", ""role"": ""transaction_amount"", ""schema_attribute"": ""transaction_amount"", ""semantic_family"": ""payment:amount"", ""value_shape_status"": ""PASS""}; {""canonical_srs_node"": ""transmission_datetime"", ""evidence"": [""schema_match"", ""constraint pass""], ""path"": ""transmission_datetime"", ""raw_field"": ""transmission_datetime"", ""role"": ""message_transmission_time"", ""schema_attribute"": ""transmission_datetime"", ""semantic_family"": ""temporal:transmission_datetime"", ""value_shape_status"": ""PASS""}; {""canonical_srs_node"": ""system_trace_audit_number"", ""evidence"": [""schema_match"", ""constraint pass""], ""path"": ""system_trace_audit_number"", ""raw_field"": ""system_trace_audit_number"", ""role"": ""message_trace_identifier"", ""schema_attribute"": ""system_trace_audit_number"", ""semantic_family"": ""identifier:stan"", ""value_shape_status"": ""PASS""}; {""canonical_srs_node"": ""merchant_category_code"", ""evidence"": [""schema_match"", ""constraint pass""], ""path"": ""merchant_category_code"", ""raw_field"": ""merchant_category_code"", ""role"": ""merchant_classification"", ""schema_attribute"": ""merchant_category_code"", ""semantic_family"": ""merchant:category_code"", ""value_shape_status"": ""PASS""}; {""canonical_srs_node"": ""card_acceptor_identifier"", ""evidence"": [""schema_match"", ""constraint pass""], ""path"": ""card_acceptor_id"", ""raw_field"": ""card_acceptor_id"", ""role"": ""merchant_acceptor_identifier"", ""schema_attribute"": ""card_acceptor_id"", ""semantic_family"": ""identifier:card_acceptor"", ""value_shape_status"": ""PASS""}","{""AANF"": ""PASS"", ""CMNF"": ""PASS"", ""DBNF"": ""PASS"", ""ECNF"": ""PASS"", ""PONF"": ""PASS"", ""RRNF"": ""PASS""}",,,payload_compliance,
Mastercard,Mastercard_payload_04.json,Mastercard_ISO8583_CardAuthorization_v15,ALLOW,,,"{""canonical_srs_node"": ""card_primary_account_number"", ""evidence"": [""schema_match"", ""constraint pass""], ""path"": ""primary_account_number"", ""raw_field"": ""primary_account_number"", ""role"": ""card_account_identifier"", ""schema_attribute"": ""primary_account_number"", ""semantic_family"": ""payment_card:pan"", ""value_shape_status"": ""PASS""}; {""canonical_srs_node"": ""processing_code"", ""evidence"": [""schema_match"", ""constraint pass""], ""path"": ""processing_code"", ""raw_field"": ""processing_code"", ""role"": ""transaction_processing_type"", ""schema_attribute"": ""processing_code"", ""semantic_family"": ""iso8583:processing_code"", ""value_shape_status"": ""PASS""}; {""canonical_srs_node"": ""payment_amount"", ""evidence"": [""schema_match"", ""constraint pass""], ""path"": ""transaction_amount"", ""raw_field"": ""transaction_amount"", ""role"": ""transaction_amount"", ""schema_attribute"": ""transaction_amount"", ""semantic_family"": ""payment:amount"", ""value_shape_status"": ""PASS""}; {""canonical_srs_node"": ""transmission_datetime"", ""evidence"": [""schema_match"", ""constraint pass""], ""path"": ""transmission_datetime"", ""raw_field"": ""transmission_datetime"", ""role"": ""message_transmission_time"", ""schema_attribute"": ""transmission_datetime"", ""semantic_family"": ""temporal:transmission_datetime"", ""value_shape_status"": ""PASS""}; {""canonical_srs_node"": ""system_trace_audit_number"", ""evidence"": [""schema_match"", ""constraint pass""], ""path"": ""system_trace_audit_number"", ""raw_field"": ""system_trace_audit_number"", ""role"": ""message_trace_identifier"", ""schema_attribute"": ""system_trace_audit_number"", ""semantic_family"": ""identifier:stan"", ""value_shape_status"": ""PASS""}; {""canonical_srs_node"": ""merchant_category_code"", ""evidence"": [""schema_match"", ""constraint pass""], ""path"": ""merchant_category_code"", ""raw_field"": ""merchant_category_code"", ""role"": ""merchant_classification"", ""schema_attribute"": ""merchant_category_code"", ""semantic_family"": ""merchant:category_code"", ""value_shape_status"": ""PASS""}; {""canonical_srs_node"": ""card_acceptor_identifier"", ""evidence"": [""schema_match"", ""constraint pass""], ""path"": ""card_acceptor_id"", ""raw_field"": ""card_acceptor_id"", ""role"": ""merchant_acceptor_identifier"", ""schema_attribute"": ""card_acceptor_id"", ""semantic_family"": ""identifier:card_acceptor"", ""value_shape_status"": ""PASS""}","{""AANF"": ""PASS"", ""CMNF"": ""PASS"", ""DBNF"": ""PASS"", ""ECNF"": ""PASS"", ""PONF"": ""PASS"", ""RRNF"": ""PASS""}",,,payload_compliance,
Mastercard,Mastercard_payload_05.json,Mastercard_ISO8583_CardAuthorization_v15,ALLOW,,,"{""canonical_srs_node"": ""card_primary_account_number"", ""evidence"": [""schema_match"", ""constraint pass""], ""path"": ""primary_account_number"", ""raw_field"": ""primary_account_number"", ""role"": ""card_account_identifier"", ""schema_attribute"": ""primary_account_number"", ""semantic_family"": ""payment_card:pan"", ""value_shape_status"": ""PASS""}; {""canonical_srs_node"": ""processing_code"", ""evidence"": [""schema_match"", ""constraint pass""], ""path"": ""processing_code"", ""raw_field"": ""processing_code"", ""role"": ""transaction_processing_type"", ""schema_attribute"": ""processing_code"", ""semantic_family"": ""iso8583:processing_code"", ""value_shape_status"": ""PASS""}; {""canonical_srs_node"": ""payment_amount"", ""evidence"": [""schema_match"", ""constraint pass""], ""path"": ""transaction_amount"", ""raw_field"": ""transaction_amount"", ""role"": ""transaction_amount"", ""schema_attribute"": ""transaction_amount"", ""semantic_family"": ""payment:amount"", ""value_shape_status"": ""PASS""}; {""canonical_srs_node"": ""transmission_datetime"", ""evidence"": [""schema_match"", ""constraint pass""], ""path"": ""transmission_datetime"", ""raw_field"": ""transmission_datetime"", ""role"": ""message_transmission_time"", ""schema_attribute"": ""transmission_datetime"", ""semantic_family"": ""temporal:transmission_datetime"", ""value_shape_status"": ""PASS""}; {""canonical_srs_node"": ""system_trace_audit_number"", ""evidence"": [""schema_match"", ""constraint pass""], ""path"": ""system_trace_audit_number"", ""raw_field"": ""system_trace_audit_number"", ""role"": ""message_trace_identifier"", ""schema_attribute"": ""system_trace_audit_number"", ""semantic_family"": ""identifier:stan"", ""value_shape_status"": ""PASS""}; {""canonical_srs_node"": ""merchant_category_code"", ""evidence"": [""schema_match"", ""constraint pass""], ""path"": ""merchant_category_code"", ""raw_field"": ""merchant_category_code"", ""role"": ""merchant_classification"", ""schema_attribute"": ""merchant_category_code"", ""semantic_family"": ""merchant:category_code"", ""value_shape_status"": ""PASS""}; {""canonical_srs_node"": ""card_acceptor_identifier"", ""evidence"": [""schema_match"", ""constraint pass""], ""path"": ""card_acceptor_id"", ""raw_field"": ""card_acceptor_id"", ""role"": ""merchant_acceptor_identifier"", ""schema_attribute"": ""card_acceptor_id"", ""semantic_family"": ""identifier:card_acceptor"", ""value_shape_status"": ""PASS""}","{""AANF"": ""PASS"", ""CMNF"": ""PASS"", ""DBNF"": ""PASS"", ""ECNF"": ""PASS"", ""PONF"": ""PASS"", ""RRNF"": ""PASS""}",,,payload_compliance,
Mastercard,Mastercard_payload_06.json,Mastercard_ISO8583_CardAuthorization_v15,ALLOW,,,"{""canonical_srs_node"": ""card_primary_account_number"", ""evidence"": [""schema_match"", ""constraint pass""], ""path"": ""primary_account_number"", ""raw_field"": ""primary_account_number"", ""role"": ""card_account_identifier"", ""schema_attribute"": ""primary_account_number"", ""semantic_family"": ""payment_card:pan"", ""value_shape_status"": ""PASS""}; {""canonical_srs_node"": ""processing_code"", ""evidence"": [""schema_match"", ""constraint pass""], ""path"": ""processing_code"", ""raw_field"": ""processing_code"", ""role"": ""transaction_processing_type"", ""schema_attribute"": ""processing_code"", ""semantic_family"": ""iso8583:processing_code"", ""value_shape_status"": ""PASS""}; {""canonical_srs_node"": ""payment_amount"", ""evidence"": [""schema_match"", ""constraint pass""], ""path"": ""transaction_amount"", ""raw_field"": ""transaction_amount"", ""role"": ""transaction_amount"", ""schema_attribute"": ""transaction_amount"", ""semantic_family"": ""payment:amount"", ""value_shape_status"": ""PASS""}; {""canonical_srs_node"": ""transmission_datetime"", ""evidence"": [""schema_match"", ""constraint pass""], ""path"": ""transmission_datetime"", ""raw_field"": ""transmission_datetime"", ""role"": ""message_transmission_time"", ""schema_attribute"": ""transmission_datetime"", ""semantic_family"": ""temporal:transmission_datetime"", ""value_shape_status"": ""PASS""}; {""canonical_srs_node"": ""system_trace_audit_number"", ""evidence"": [""schema_match"", ""constraint pass""], ""path"": ""system_trace_audit_number"", ""raw_field"": ""system_trace_audit_number"", ""role"": ""message_trace_identifier"", ""schema_attribute"": ""system_trace_audit_number"", ""semantic_family"": ""identifier:stan"", ""value_shape_status"": ""PASS""}; {""canonical_srs_node"": ""merchant_category_code"", ""evidence"": [""schema_match"", ""constraint pass""], ""path"": ""merchant_category_code"", ""raw_field"": ""merchant_category_code"", ""role"": ""merchant_classification"", ""schema_attribute"": ""merchant_category_code"", ""semantic_family"": ""merchant:category_code"", ""value_shape_status"": ""PASS""}; {""canonical_srs_node"": ""card_acceptor_identifier"", ""evidence"": [""schema_match"", ""constraint pass""], ""path"": ""card_acceptor_id"", ""raw_field"": ""card_acceptor_id"", ""role"": ""merchant_acceptor_identifier"", ""schema_attribute"": ""card_acceptor_id"", ""semantic_family"": ""identifier:card_acceptor"", ""value_shape_status"": ""PASS""}","{""AANF"": ""PASS"", ""CMNF"": ""PASS"", ""DBNF"": ""PASS"", ""ECNF"": ""PASS"", ""PONF"": ""PASS"", ""RRNF"": ""PASS""}",,,payload_compliance,
Mastercard,Mastercard_payload_07.json,Mastercard_ISO8583_CardAuthorization_v15,ALLOW,,,"{""canonical_srs_node"": ""card_primary_account_number"", ""evidence"": [""schema_match"", ""constraint pass""], ""path"": ""primary_account_number"", ""raw_field"": ""primary_account_number"", ""role"": ""card_account_identifier"", ""schema_attribute"": ""primary_account_number"", ""semantic_family"": ""payment_card:pan"", ""value_shape_status"": ""PASS""}; {""canonical_srs_node"": ""processing_code"", ""evidence"": [""schema_match"", ""constraint pass""], ""path"": ""processing_code"", ""raw_field"": ""processing_code"", ""role"": ""transaction_processing_type"", ""schema_attribute"": ""processing_code"", ""semantic_family"": ""iso8583:processing_code"", ""value_shape_status"": ""PASS""}; {""canonical_srs_node"": ""payment_amount"", ""evidence"": [""schema_match"", ""constraint pass""], ""path"": ""transaction_amount"", ""raw_field"": ""transaction_amount"", ""role"": ""transaction_amount"", ""schema_attribute"": ""transaction_amount"", ""semantic_family"": ""payment:amount"", ""value_shape_status"": ""PASS""}; {""canonical_srs_node"": ""transmission_datetime"", ""evidence"": [""schema_match"", ""constraint pass""], ""path"": ""transmission_datetime"", ""raw_field"": ""transmission_datetime"", ""role"": ""message_transmission_time"", ""schema_attribute"": ""transmission_datetime"", ""semantic_family"": ""temporal:transmission_datetime"", ""value_shape_status"": ""PASS""}; {""canonical_srs_node"": ""system_trace_audit_number"", ""evidence"": [""schema_match"", ""constraint pass""], ""path"": ""system_trace_audit_number"", ""raw_field"": ""system_trace_audit_number"", ""role"": ""message_trace_identifier"", ""schema_attribute"": ""system_trace_audit_number"", ""semantic_family"": ""identifier:stan"", ""value_shape_status"": ""PASS""}; {""canonical_srs_node"": ""merchant_category_code"", ""evidence"": [""schema_match"", ""constraint pass""], ""path"": ""merchant_category_code"", ""raw_field"": ""merchant_category_code"", ""role"": ""merchant_classification"", ""schema_attribute"": ""merchant_category_code"", ""semantic_family"": ""merchant:category_code"", ""value_shape_status"": ""PASS""}; {""canonical_srs_node"": ""card_acceptor_identifier"", ""evidence"": [""schema_match"", ""constraint pass""], ""path"": ""card_acceptor_id"", ""raw_field"": ""card_acceptor_id"", ""role"": ""merchant_acceptor_identifier"", ""schema_attribute"": ""card_acceptor_id"", ""semantic_family"": ""identifier:card_acceptor"", ""value_shape_status"": ""PASS""}","{""AANF"": ""PASS"", ""CMNF"": ""PASS"", ""DBNF"": ""PASS"", ""ECNF"": ""PASS"", ""PONF"": ""PASS"", ""RRNF"": ""PASS""}",,,payload_compliance,
Mastercard,Mastercard_payload_08.json,Mastercard_ISO8583_CardAuthorization_v15,ALLOW,,,"{""canonical_srs_node"": ""card_primary_account_number"", ""evidence"": [""schema_match"", ""constraint pass""], ""path"": ""primary_account_number"", ""raw_field"": ""primary_account_number"", ""role"": ""card_account_identifier"", ""schema_attribute"": ""primary_account_number"", ""semantic_family"": ""payment_card:pan"", ""value_shape_status"": ""PASS""}; {""canonical_srs_node"": ""processing_code"", ""evidence"": [""schema_match"", ""constraint pass""], ""path"": ""processing_code"", ""raw_field"": ""processing_code"", ""role"": ""transaction_processing_type"", ""schema_attribute"": ""processing_code"", ""semantic_family"": ""iso8583:processing_code"", ""value_shape_status"": ""PASS""}; {""canonical_srs_node"": ""payment_amount"", ""evidence"": [""schema_match"", ""constraint pass""], ""path"": ""transaction_amount"", ""raw_field"": ""transaction_amount"", ""role"": ""transaction_amount"", ""schema_attribute"": ""transaction_amount"", ""semantic_family"": ""payment:amount"", ""value_shape_status"": ""PASS""}; {""canonical_srs_node"": ""transmission_datetime"", ""evidence"": [""schema_match"", ""constraint pass""], ""path"": ""transmission_datetime"", ""raw_field"": ""transmission_datetime"", ""role"": ""message_transmission_time"", ""schema_attribute"": ""transmission_datetime"", ""semantic_family"": ""temporal:transmission_datetime"", ""value_shape_status"": ""PASS""}; {""canonical_srs_node"": ""system_trace_audit_number"", ""evidence"": [""schema_match"", ""constraint pass""], ""path"": ""system_trace_audit_number"", ""raw_field"": ""system_trace_audit_number"", ""role"": ""message_trace_identifier"", ""schema_attribute"": ""system_trace_audit_number"", ""semantic_family"": ""identifier:stan"", ""value_shape_status"": ""PASS""}; {""canonical_srs_node"": ""merchant_category_code"", ""evidence"": [""schema_match"", ""constraint pass""], ""path"": ""merchant_category_code"", ""raw_field"": ""merchant_category_code"", ""role"": ""merchant_classification"", ""schema_attribute"": ""merchant_category_code"", ""semantic_family"": ""merchant:category_code"", ""value_shape_status"": ""PASS""}; {""canonical_srs_node"": ""card_acceptor_identifier"", ""evidence"": [""schema_match"", ""constraint pass""], ""path"": ""card_acceptor_id"", ""raw_field"": ""card_acceptor_id"", ""role"": ""merchant_acceptor_identifier"", ""schema_attribute"": ""card_acceptor_id"", ""semantic_family"": ""identifier:card_acceptor"", ""value_shape_status"": ""PASS""}","{""AANF"": ""PASS"", ""CMNF"": ""PASS"", ""DBNF"": ""PASS"", ""ECNF"": ""PASS"", ""PONF"": ""PASS"", ""RRNF"": ""PASS""}",,,payload_compliance,
PPVisa,PPVisa_payload_01.json,PPVisa_CardPayload_Inferred_v15,ALLOW,,,"{""canonical_srs_node"": ""card_primary_account_number"", ""evidence"": [""schema_match"", ""constraint pass""], ""path"": ""pan"", ""raw_field"": ""pan"", ""role"": ""card_account_identifier"", ""schema_attribute"": ""pan"", ""semantic_family"": ""payment_card:pan"", ""value_shape_status"": ""PASS""}; {""canonical_srs_node"": ""card_expiration_date"", ""evidence"": [""schema_match"", ""constraint pass""], ""path"": ""exp"", ""raw_field"": ""exp"", ""role"": ""card_validity"", ""schema_attribute"": ""exp"", ""semantic_family"": ""payment_card:expiration_date"", ""value_shape_status"": ""PASS""}; {""canonical_srs_node"": ""card_verification_value"", ""evidence"": [""schema_match"", ""constraint pass""], ""path"": ""cvv"", ""raw_field"": ""cvv"", ""role"": ""sensitive_authentication_data"", ""schema_attribute"": ""cvv"", ""semantic_family"": ""payment_card:verification_value"", ""value_shape_status"": ""PASS""}; {""canonical_srs_node"": ""cardholder_name"", ""evidence"": [""schema_match"", ""constraint pass""], ""path"": ""cardholder"", ""raw_field"": ""cardholder"", ""role"": ""cardholder"", ""schema_attribute"": ""cardholder"", ""semantic_family"": ""party:cardholder_name"", ""value_shape_status"": ""PASS""}; {""canonical_srs_node"": ""card_issuer"", ""evidence"": [""schema_match"", ""constraint pass""], ""path"": ""issuer"", ""raw_field"": ""issuer"", ""role"": ""issuer"", ""schema_attribute"": ""issuer"", ""semantic_family"": ""payment_card:issuer"", ""value_shape_status"": ""PASS""}","{""AANF"": ""PASS"", ""CMNF"": ""PASS"", ""DBNF"": ""PASS"", ""ECNF"": ""PASS"", ""PONF"": ""PASS"", ""RRNF"": ""PASS""}",,,payload_compliance,
PPVisa,PPVisa_payload_02.json,PPVisa_CardPayload_Inferred_v15,ALLOW,,,"{""canonical_srs_node"": ""card_primary_account_number"", ""evidence"": [""schema_match"", ""constraint pass""], ""path"": ""pan"", ""raw_field"": ""pan"", ""role"": ""card_account_identifier"", ""schema_attribute"": ""pan"", ""semantic_family"": ""payment_card:pan"", ""value_shape_status"": ""PASS""}; {""canonical_srs_node"": ""card_expiration_date"", ""evidence"": [""schema_match"", ""constraint pass""], ""path"": ""exp"", ""raw_field"": ""exp"", ""role"": ""card_validity"", ""schema_attribute"": ""exp"", ""semantic_family"": ""payment_card:expiration_date"", ""value_shape_status"": ""PASS""}; {""canonical_srs_node"": ""card_verification_value"", ""evidence"": [""schema_match"", ""constraint pass""], ""path"": ""cvv"", ""raw_field"": ""cvv"", ""role"": ""sensitive_authentication_data"", ""schema_attribute"": ""cvv"", ""semantic_family"": ""payment_card:verification_value"", ""value_shape_status"": ""PASS""}; {""canonical_srs_node"": ""cardholder_name"", ""evidence"": [""schema_match"", ""constraint pass""], ""path"": ""cardholder"", ""raw_field"": ""cardholder"", ""role"": ""cardholder"", ""schema_attribute"": ""cardholder"", ""semantic_family"": ""party:cardholder_name"", ""value_shape_status"": ""PASS""}; {""canonical_srs_node"": ""card_issuer"", ""evidence"": [""schema_match"", ""constraint pass""], ""path"": ""issuer"", ""raw_field"": ""issuer"", ""role"": ""issuer"", ""schema_attribute"": ""issuer"", ""semantic_family"": ""payment_card:issuer"", ""value_shape_status"": ""PASS""}","{""AANF"": ""PASS"", ""CMNF"": ""PASS"", ""DBNF"": ""PASS"", ""ECNF"": ""PASS"", ""PONF"": ""PASS"", ""RRNF"": ""PASS""}",,,payload_compliance,
PPVisa,PPVisa_payload_03.json,PPVisa_CardPayload_Inferred_v15,ALLOW,,,"{""canonical_srs_node"": ""card_primary_account_number"", ""evidence"": [""schema_match"", ""constraint pass""], ""path"": ""pan"", ""raw_field"": ""pan"", ""role"": ""card_account_identifier"", ""schema_attribute"": ""pan"", ""semantic_family"": ""payment_card:pan"", ""value_shape_status"": ""PASS""}; {""canonical_srs_node"": ""card_expiration_date"", ""evidence"": [""schema_match"", ""constraint pass""], ""path"": ""exp"", ""raw_field"": ""exp"", ""role"": ""card_validity"", ""schema_attribute"": ""exp"", ""semantic_family"": ""payment_card:expiration_date"", ""value_shape_status"": ""PASS""}; {""canonical_srs_node"": ""card_verification_value"", ""evidence"": [""schema_match"", ""constraint pass""], ""path"": ""cvv"", ""raw_field"": ""cvv"", ""role"": ""sensitive_authentication_data"", ""schema_attribute"": ""cvv"", ""semantic_family"": ""payment_card:verification_value"", ""value_shape_status"": ""PASS""}; {""canonical_srs_node"": ""cardholder_name"", ""evidence"": [""schema_match"", ""constraint pass""], ""path"": ""cardholder"", ""raw_field"": ""cardholder"", ""role"": ""cardholder"", ""schema_attribute"": ""cardholder"", ""semantic_family"": ""party:cardholder_name"", ""value_shape_status"": ""PASS""}; {""canonical_srs_node"": ""card_issuer"", ""evidence"": [""schema_match"", ""constraint pass""], ""path"": ""issuer"", ""raw_field"": ""issuer"", ""role"": ""issuer"", ""schema_attribute"": ""issuer"", ""semantic_family"": ""payment_card:issuer"", ""value_shape_status"": ""PASS""}","{""AANF"": ""PASS"", ""CMNF"": ""PASS"", ""DBNF"": ""PASS"", ""ECNF"": ""PASS"", ""PONF"": ""PASS"", ""RRNF"": ""PASS""}",,,payload_compliance,
PPVisa,PPVisa_payload_04.json,PPVisa_CardPayload_Inferred_v15,ALLOW,,,"{""canonical_srs_node"": ""card_primary_account_number"", ""evidence"": [""schema_match"", ""constraint pass""], ""path"": ""pan"", ""raw_field"": ""pan"", ""role"": ""card_account_identifier"", ""schema_attribute"": ""pan"", ""semantic_family"": ""payment_card:pan"", ""value_shape_status"": ""PASS""}; {""canonical_srs_node"": ""card_expiration_date"", ""evidence"": [""schema_match"", ""constraint pass""], ""path"": ""exp"", ""raw_field"": ""exp"", ""role"": ""card_validity"", ""schema_attribute"": ""exp"", ""semantic_family"": ""payment_card:expiration_date"", ""value_shape_status"": ""PASS""}; {""canonical_srs_node"": ""card_verification_value"", ""evidence"": [""schema_match"", ""constraint pass""], ""path"": ""cvv"", ""raw_field"": ""cvv"", ""role"": ""sensitive_authentication_data"", ""schema_attribute"": ""cvv"", ""semantic_family"": ""payment_card:verification_value"", ""value_shape_status"": ""PASS""}; {""canonical_srs_node"": ""cardholder_name"", ""evidence"": [""schema_match"", ""constraint pass""], ""path"": ""cardholder"", ""raw_field"": ""cardholder"", ""role"": ""cardholder"", ""schema_attribute"": ""cardholder"", ""semantic_family"": ""party:cardholder_name"", ""value_shape_status"": ""PASS""}; {""canonical_srs_node"": ""card_issuer"", ""evidence"": [""schema_match"", ""constraint pass""], ""path"": ""issuer"", ""raw_field"": ""issuer"", ""role"": ""issuer"", ""schema_attribute"": ""issuer"", ""semantic_family"": ""payment_card:issuer"", ""value_shape_status"": ""PASS""}","{""AANF"": ""PASS"", ""CMNF"": ""PASS"", ""DBNF"": ""PASS"", ""ECNF"": ""PASS"", ""PONF"": ""PASS"", ""RRNF"": ""PASS""}",,,payload_compliance,
PPVisa,PPVisa_payload_05.json,PPVisa_CardPayload_Inferred_v15,ALLOW,,,"{""canonical_srs_node"": ""card_primary_account_number"", ""evidence"": [""schema_match"", ""constraint pass""], ""path"": ""pan"", ""raw_field"": ""pan"", ""role"": ""card_account_identifier"", ""schema_attribute"": ""pan"", ""semantic_family"": ""payment_card:pan"", ""value_shape_status"": ""PASS""}; {""canonical_srs_node"": ""card_expiration_date"", ""evidence"": [""schema_match"", ""constraint pass""], ""path"": ""exp"", ""raw_field"": ""exp"", ""role"": ""card_validity"", ""schema_attribute"": ""exp"", ""semantic_family"": ""payment_card:expiration_date"", ""value_shape_status"": ""PASS""}; {""canonical_srs_node"": ""card_verification_value"", ""evidence"": [""schema_match"", ""constraint pass""], ""path"": ""cvv"", ""raw_field"": ""cvv"", ""role"": ""sensitive_authentication_data"", ""schema_attribute"": ""cvv"", ""semantic_family"": ""payment_card:verification_value"", ""value_shape_status"": ""PASS""}; {""canonical_srs_node"": ""cardholder_name"", ""evidence"": [""schema_match"", ""constraint pass""], ""path"": ""cardholder"", ""raw_field"": ""cardholder"", ""role"": ""cardholder"", ""schema_attribute"": ""cardholder"", ""semantic_family"": ""party:cardholder_name"", ""value_shape_status"": ""PASS""}; {""canonical_srs_node"": ""card_issuer"", ""evidence"": [""schema_match"", ""constraint pass""], ""path"": ""issuer"", ""raw_field"": ""issuer"", ""role"": ""issuer"", ""schema_attribute"": ""issuer"", ""semantic_family"": ""payment_card:issuer"", ""value_shape_status"": ""PASS""}","{""AANF"": ""PASS"", ""CMNF"": ""PASS"", ""DBNF"": ""PASS"", ""ECNF"": ""PASS"", ""PONF"": ""PASS"", ""RRNF"": ""PASS""}",,,payload_compliance,
PPVisa,PPVisa_payload_06.json,PPVisa_CardPayload_Inferred_v15,ALLOW,,,"{""canonical_srs_node"": ""card_primary_account_number"", ""evidence"": [""schema_match"", ""constraint pass""], ""path"": ""pan"", ""raw_field"": ""pan"", ""role"": ""card_account_identifier"", ""schema_attribute"": ""pan"", ""semantic_family"": ""payment_card:pan"", ""value_shape_status"": ""PASS""}; {""canonical_srs_node"": ""card_expiration_date"", ""evidence"": [""schema_match"", ""constraint pass""], ""path"": ""exp"", ""raw_field"": ""exp"", ""role"": ""card_validity"", ""schema_attribute"": ""exp"", ""semantic_family"": ""payment_card:expiration_date"", ""value_shape_status"": ""PASS""}; {""canonical_srs_node"": ""card_verification_value"", ""evidence"": [""schema_match"", ""constraint pass""], ""path"": ""cvv"", ""raw_field"": ""cvv"", ""role"": ""sensitive_authentication_data"", ""schema_attribute"": ""cvv"", ""semantic_family"": ""payment_card:verification_value"", ""value_shape_status"": ""PASS""}; {""canonical_srs_node"": ""cardholder_name"", ""evidence"": [""schema_match"", ""constraint pass""], ""path"": ""cardholder"", ""raw_field"": ""cardholder"", ""role"": ""cardholder"", ""schema_attribute"": ""cardholder"", ""semantic_family"": ""party:cardholder_name"", ""value_shape_status"": ""PASS""}; {""canonical_srs_node"": ""card_issuer"", ""evidence"": [""schema_match"", ""constraint pass""], ""path"": ""issuer"", ""raw_field"": ""issuer"", ""role"": ""issuer"", ""schema_attribute"": ""issuer"", ""semantic_family"": ""payment_card:issuer"", ""value_shape_status"": ""PASS""}","{""AANF"": ""PASS"", ""CMNF"": ""PASS"", ""DBNF"": ""PASS"", ""ECNF"": ""PASS"", ""PONF"": ""PASS"", ""RRNF"": ""PASS""}",,,payload_compliance,
PPVisa,PPVisa_payload_07.json,PPVisa_CardPayload_Inferred_v15,ALLOW,,,"{""canonical_srs_node"": ""card_primary_account_number"", ""evidence"": [""schema_match"", ""constraint pass""], ""path"": ""pan"", ""raw_field"": ""pan"", ""role"": ""card_account_identifier"", ""schema_attribute"": ""pan"", ""semantic_family"": ""payment_card:pan"", ""value_shape_status"": ""PASS""}; {""canonical_srs_node"": ""card_expiration_date"", ""evidence"": [""schema_match"", ""constraint pass""], ""path"": ""exp"", ""raw_field"": ""exp"", ""role"": ""card_validity"", ""schema_attribute"": ""exp"", ""semantic_family"": ""payment_card:expiration_date"", ""value_shape_status"": ""PASS""}; {""canonical_srs_node"": ""card_verification_value"", ""evidence"": [""schema_match"", ""constraint pass""], ""path"": ""cvv"", ""raw_field"": ""cvv"", ""role"": ""sensitive_authentication_data"", ""schema_attribute"": ""cvv"", ""semantic_family"": ""payment_card:verification_value"", ""value_shape_status"": ""PASS""}; {""canonical_srs_node"": ""cardholder_name"", ""evidence"": [""schema_match"", ""constraint pass""], ""path"": ""cardholder"", ""raw_field"": ""cardholder"", ""role"": ""cardholder"", ""schema_attribute"": ""cardholder"", ""semantic_family"": ""party:cardholder_name"", ""value_shape_status"": ""PASS""}; {""canonical_srs_node"": ""card_issuer"", ""evidence"": [""schema_match"", ""constraint pass""], ""path"": ""issuer"", ""raw_field"": ""issuer"", ""role"": ""issuer"", ""schema_attribute"": ""issuer"", ""semantic_family"": ""payment_card:issuer"", ""value_shape_status"": ""PASS""}","{""AANF"": ""PASS"", ""CMNF"": ""PASS"", ""DBNF"": ""PASS"", ""ECNF"": ""PASS"", ""PONF"": ""PASS"", ""RRNF"": ""PASS""}",,,payload_compliance,
PPVisa,PPVisa_payload_08.json,PPVisa_CardPayload_Inferred_v15,ALLOW,,,"{""canonical_srs_node"": ""card_primary_account_number"", ""evidence"": [""schema_match"", ""constraint pass""], ""path"": ""pan"", ""raw_field"": ""pan"", ""role"": ""card_account_identifier"", ""schema_attribute"": ""pan"", ""semantic_family"": ""payment_card:pan"", ""value_shape_status"": ""PASS""}; {""canonical_srs_node"": ""card_expiration_date"", ""evidence"": [""schema_match"", ""constraint pass""], ""path"": ""exp"", ""raw_field"": ""exp"", ""role"": ""card_validity"", ""schema_attribute"": ""exp"", ""semantic_family"": ""payment_card:expiration_date"", ""value_shape_status"": ""PASS""}; {""canonical_srs_node"": ""card_verification_value"", ""evidence"": [""schema_match"", ""constraint pass""], ""path"": ""cvv"", ""raw_field"": ""cvv"", ""role"": ""sensitive_authentication_data"", ""schema_attribute"": ""cvv"", ""semantic_family"": ""payment_card:verification_value"", ""value_shape_status"": ""PASS""}; {""canonical_srs_node"": ""cardholder_name"", ""evidence"": [""schema_match"", ""constraint pass""], ""path"": ""cardholder"", ""raw_field"": ""cardholder"", ""role"": ""cardholder"", ""schema_attribute"": ""cardholder"", ""semantic_family"": ""party:cardholder_name"", ""value_shape_status"": ""PASS""}; {""canonical_srs_node"": ""card_issuer"", ""evidence"": [""schema_match"", ""constraint pass""], ""path"": ""issuer"", ""raw_field"": ""issuer"", ""role"": ""issuer"", ""schema_attribute"": ""issuer"", ""semantic_family"": ""payment_card:issuer"", ""value_shape_status"": ""PASS""}","{""AANF"": ""PASS"", ""CMNF"": ""PASS"", ""DBNF"": ""PASS"", ""ECNF"": ""PASS"", ""PONF"": ""PASS"", ""RRNF"": ""PASS""}",,,payload_compliance,
Plaid,Plaid_payload_01.json,Plaid_AuthTransactions_v15,ALLOW,,,"{""canonical_srs_node"": ""account_identifier"", ""evidence"": [""schema_match"", ""constraint pass""], ""path"": ""account_id"", ""raw_field"": ""account_id"", ""role"": ""plaid_account_identifier"", ""schema_attribute"": ""account_id"", ""semantic_family"": ""identifier:plaid_account"", ""value_shape_status"": ""PASS""}; {""canonical_srs_node"": ""routing_number"", ""evidence"": [""schema_match"", ""constraint pass""], ""path"": ""routing_number"", ""raw_field"": ""routing_number"", ""role"": ""bank_routing_identifier"", ""schema_attribute"": ""routing_number"", ""semantic_family"": ""payment_account:routing_number"", ""value_shape_status"": ""PASS""}; {""canonical_srs_node"": ""bank_account_number"", ""evidence"": [""schema_match"", ""constraint pass""], ""path"": ""account_number"", ""raw_field"": ""account_number"", ""role"": ""bank_account_identifier"", ""schema_attribute"": ""account_number"", ""semantic_family"": ""payment_account:account_number"", ""value_shape_status"": ""PASS""}; {""canonical_srs_node"": ""account_type"", ""evidence"": [""schema_match"", ""constraint pass""], ""path"": ""account_type"", ""raw_field"": ""account_type"", ""role"": ""account_classification"", ""schema_attribute"": ""account_type"", ""semantic_family"": ""payment_account:account_type"", ""value_shape_status"": ""PASS""}; {""canonical_srs_node"": ""current_balance"", ""evidence"": [""schema_match"", ""constraint pass""], ""path"": ""balance_current"", ""raw_field"": ""balance_current"", ""role"": ""balance"", ""schema_attribute"": ""balance_current"", ""semantic_family"": ""payment_account:current_balance"", ""value_shape_status"": ""PASS""}; {""canonical_srs_node"": ""payment_currency"", ""evidence"": [""schema_match"", ""constraint pass""], ""path"": ""currency"", ""raw_field"": ""currency"", ""role"": ""currency_code"", ""schema_attribute"": ""currency"", ""semantic_family"": ""payment:currency"", ""value_shape_status"": ""PASS""}; {""canonical_srs_node"": ""transaction_identifier"", ""evidence"": [""schema_match"", ""constraint pass""], ""path"": ""transaction_id"", ""raw_field"": ""transaction_id"", ""role"": ""transaction_identifier"", ""schema_attribute"": ""transaction_id"", ""semantic_family"": ""identifier:transaction"", ""value_shape_status"": ""PASS""}; {""canonical_srs_node"": ""payment_amount"", ""evidence"": [""schema_match"", ""constraint pass""], ""path"": ""transaction_amount"", ""raw_field"": ""transaction_amount"", ""role"": ""transaction_amount"", ""schema_attribute"": ""transaction_amount"", ""semantic_family"": ""payment:amount"", ""value_shape_status"": ""PASS""}; {""canonical_srs_node"": ""transaction_date"", ""evidence"": [""schema_match"", ""constraint pass""], ""path"": ""transaction_date"", ""raw_field"": ""transaction_date"", ""role"": ""posted_transaction_date"", ""schema_attribute"": ""transaction_date"", ""semantic_family"": ""temporal:transaction_date"", ""value_shape_status"": ""PASS""}","{""AANF"": ""PASS"", ""CMNF"": ""PASS"", ""DBNF"": ""PASS"", ""ECNF"": ""PASS"", ""PONF"": ""PASS"", ""RRNF"": ""PASS""}",,,payload_compliance,
Plaid,Plaid_payload_02.json,Plaid_AuthTransactions_v15,ALLOW,,,"{""canonical_srs_node"": ""account_identifier"", ""evidence"": [""schema_match"", ""constraint pass""], ""path"": ""account_id"", ""raw_field"": ""account_id"", ""role"": ""plaid_account_identifier"", ""schema_attribute"": ""account_id"", ""semantic_family"": ""identifier:plaid_account"", ""value_shape_status"": ""PASS""}; {""canonical_srs_node"": ""routing_number"", ""evidence"": [""schema_match"", ""constraint pass""], ""path"": ""routing_number"", ""raw_field"": ""routing_number"", ""role"": ""bank_routing_identifier"", ""schema_attribute"": ""routing_number"", ""semantic_family"": ""payment_account:routing_number"", ""value_shape_status"": ""PASS""}; {""canonical_srs_node"": ""bank_account_number"", ""evidence"": [""schema_match"", ""constraint pass""], ""path"": ""account_number"", ""raw_field"": ""account_number"", ""role"": ""bank_account_identifier"", ""schema_attribute"": ""account_number"", ""semantic_family"": ""payment_account:account_number"", ""value_shape_status"": ""PASS""}; {""canonical_srs_node"": ""account_type"", ""evidence"": [""schema_match"", ""constraint pass""], ""path"": ""account_type"", ""raw_field"": ""account_type"", ""role"": ""account_classification"", ""schema_attribute"": ""account_type"", ""semantic_family"": ""payment_account:account_type"", ""value_shape_status"": ""PASS""}; {""canonical_srs_node"": ""current_balance"", ""evidence"": [""schema_match"", ""constraint pass""], ""path"": ""balance_current"", ""raw_field"": ""balance_current"", ""role"": ""balance"", ""schema_attribute"": ""balance_current"", ""semantic_family"": ""payment_account:current_balance"", ""value_shape_status"": ""PASS""}; {""canonical_srs_node"": ""payment_currency"", ""evidence"": [""schema_match"", ""constraint pass""], ""path"": ""currency"", ""raw_field"": ""currency"", ""role"": ""currency_code"", ""schema_attribute"": ""currency"", ""semantic_family"": ""payment:currency"", ""value_shape_status"": ""PASS""}; {""canonical_srs_node"": ""transaction_identifier"", ""evidence"": [""schema_match"", ""constraint pass""], ""path"": ""transaction_id"", ""raw_field"": ""transaction_id"", ""role"": ""transaction_identifier"", ""schema_attribute"": ""transaction_id"", ""semantic_family"": ""identifier:transaction"", ""value_shape_status"": ""PASS""}; {""canonical_srs_node"": ""payment_amount"", ""evidence"": [""schema_match"", ""constraint pass""], ""path"": ""transaction_amount"", ""raw_field"": ""transaction_amount"", ""role"": ""transaction_amount"", ""schema_attribute"": ""transaction_amount"", ""semantic_family"": ""payment:amount"", ""value_shape_status"": ""PASS""}; {""canonical_srs_node"": ""transaction_date"", ""evidence"": [""schema_match"", ""constraint pass""], ""path"": ""transaction_date"", ""raw_field"": ""transaction_date"", ""role"": ""posted_transaction_date"", ""schema_attribute"": ""transaction_date"", ""semantic_family"": ""temporal:transaction_date"", ""value_shape_status"": ""PASS""}","{""AANF"": ""PASS"", ""CMNF"": ""PASS"", ""DBNF"": ""PASS"", ""ECNF"": ""PASS"", ""PONF"": ""PASS"", ""RRNF"": ""PASS""}",,,payload_compliance,
Plaid,Plaid_payload_03.json,Plaid_AuthTransactions_v15,ALLOW,,,"{""canonical_srs_node"": ""account_identifier"", ""evidence"": [""schema_match"", ""constraint pass""], ""path"": ""account_id"", ""raw_field"": ""account_id"", ""role"": ""plaid_account_identifier"", ""schema_attribute"": ""account_id"", ""semantic_family"": ""identifier:plaid_account"", ""value_shape_status"": ""PASS""}; {""canonical_srs_node"": ""routing_number"", ""evidence"": [""schema_match"", ""constraint pass""], ""path"": ""routing_number"", ""raw_field"": ""routing_number"", ""role"": ""bank_routing_identifier"", ""schema_attribute"": ""routing_number"", ""semantic_family"": ""payment_account:routing_number"", ""value_shape_status"": ""PASS""}; {""canonical_srs_node"": ""bank_account_number"", ""evidence"": [""schema_match"", ""constraint pass""], ""path"": ""account_number"", ""raw_field"": ""account_number"", ""role"": ""bank_account_identifier"", ""schema_attribute"": ""account_number"", ""semantic_family"": ""payment_account:account_number"", ""value_shape_status"": ""PASS""}; {""canonical_srs_node"": ""account_type"", ""evidence"": [""schema_match"", ""constraint pass""], ""path"": ""account_type"", ""raw_field"": ""account_type"", ""role"": ""account_classification"", ""schema_attribute"": ""account_type"", ""semantic_family"": ""payment_account:account_type"", ""value_shape_status"": ""PASS""}; {""canonical_srs_node"": ""current_balance"", ""evidence"": [""schema_match"", ""constraint pass""], ""path"": ""balance_current"", ""raw_field"": ""balance_current"", ""role"": ""balance"", ""schema_attribute"": ""balance_current"", ""semantic_family"": ""payment_account:current_balance"", ""value_shape_status"": ""PASS""}; {""canonical_srs_node"": ""payment_currency"", ""evidence"": [""schema_match"", ""constraint pass""], ""path"": ""currency"", ""raw_field"": ""currency"", ""role"": ""currency_code"", ""schema_attribute"": ""currency"", ""semantic_family"": ""payment:currency"", ""value_shape_status"": ""PASS""}; {""canonical_srs_node"": ""transaction_identifier"", ""evidence"": [""schema_match"", ""constraint pass""], ""path"": ""transaction_id"", ""raw_field"": ""transaction_id"", ""role"": ""transaction_identifier"", ""schema_attribute"": ""transaction_id"", ""semantic_family"": ""identifier:transaction"", ""value_shape_status"": ""PASS""}; {""canonical_srs_node"": ""payment_amount"", ""evidence"": [""schema_match"", ""constraint pass""], ""path"": ""transaction_amount"", ""raw_field"": ""transaction_amount"", ""role"": ""transaction_amount"", ""schema_attribute"": ""transaction_amount"", ""semantic_family"": ""payment:amount"", ""value_shape_status"": ""PASS""}; {""canonical_srs_node"": ""transaction_date"", ""evidence"": [""schema_match"", ""constraint pass""], ""path"": ""transaction_date"", ""raw_field"": ""transaction_date"", ""role"": ""posted_transaction_date"", ""schema_attribute"": ""transaction_date"", ""semantic_family"": ""temporal:transaction_date"", ""value_shape_status"": ""PASS""}","{""AANF"": ""PASS"", ""CMNF"": ""PASS"", ""DBNF"": ""PASS"", ""ECNF"": ""PASS"", ""PONF"": ""PASS"", ""RRNF"": ""PASS""}",,,payload_compliance,
Plaid,Plaid_payload_04.json,Plaid_AuthTransactions_v15,ALLOW,,,"{""canonical_srs_node"": ""account_identifier"", ""evidence"": [""schema_match"", ""constraint pass""], ""path"": ""account_id"", ""raw_field"": ""account_id"", ""role"": ""plaid_account_identifier"", ""schema_attribute"": ""account_id"", ""semantic_family"": ""identifier:plaid_account"", ""value_shape_status"": ""PASS""}; {""canonical_srs_node"": ""routing_number"", ""evidence"": [""schema_match"", ""constraint pass""], ""path"": ""routing_number"", ""raw_field"": ""routing_number"", ""role"": ""bank_routing_identifier"", ""schema_attribute"": ""routing_number"", ""semantic_family"": ""payment_account:routing_number"", ""value_shape_status"": ""PASS""}; {""canonical_srs_node"": ""bank_account_number"", ""evidence"": [""schema_match"", ""constraint pass""], ""path"": ""account_number"", ""raw_field"": ""account_number"", ""role"": ""bank_account_identifier"", ""schema_attribute"": ""account_number"", ""semantic_family"": ""payment_account:account_number"", ""value_shape_status"": ""PASS""}; {""canonical_srs_node"": ""account_type"", ""evidence"": [""schema_match"", ""constraint pass""], ""path"": ""account_type"", ""raw_field"": ""account_type"", ""role"": ""account_classification"", ""schema_attribute"": ""account_type"", ""semantic_family"": ""payment_account:account_type"", ""value_shape_status"": ""PASS""}; {""canonical_srs_node"": ""current_balance"", ""evidence"": [""schema_match"", ""constraint pass""], ""path"": ""balance_current"", ""raw_field"": ""balance_current"", ""role"": ""balance"", ""schema_attribute"": ""balance_current"", ""semantic_family"": ""payment_account:current_balance"", ""value_shape_status"": ""PASS""}; {""canonical_srs_node"": ""payment_currency"", ""evidence"": [""schema_match"", ""constraint pass""], ""path"": ""currency"", ""raw_field"": ""currency"", ""role"": ""currency_code"", ""schema_attribute"": ""currency"", ""semantic_family"": ""payment:currency"", ""value_shape_status"": ""PASS""}; {""canonical_srs_node"": ""transaction_identifier"", ""evidence"": [""schema_match"", ""constraint pass""], ""path"": ""transaction_id"", ""raw_field"": ""transaction_id"", ""role"": ""transaction_identifier"", ""schema_attribute"": ""transaction_id"", ""semantic_family"": ""identifier:transaction"", ""value_shape_status"": ""PASS""}; {""canonical_srs_node"": ""payment_amount"", ""evidence"": [""schema_match"", ""constraint pass""], ""path"": ""transaction_amount"", ""raw_field"": ""transaction_amount"", ""role"": ""transaction_amount"", ""schema_attribute"": ""transaction_amount"", ""semantic_family"": ""payment:amount"", ""value_shape_status"": ""PASS""}; {""canonical_srs_node"": ""transaction_date"", ""evidence"": [""schema_match"", ""constraint pass""], ""path"": ""transaction_date"", ""raw_field"": ""transaction_date"", ""role"": ""posted_transaction_date"", ""schema_attribute"": ""transaction_date"", ""semantic_family"": ""temporal:transaction_date"", ""value_shape_status"": ""PASS""}","{""AANF"": ""PASS"", ""CMNF"": ""PASS"", ""DBNF"": ""PASS"", ""ECNF"": ""PASS"", ""PONF"": ""PASS"", ""RRNF"": ""PASS""}",,,payload_compliance,
Plaid,Plaid_payload_05.json,Plaid_AuthTransactions_v15,ALLOW,,,"{""canonical_srs_node"": ""account_identifier"", ""evidence"": [""schema_match"", ""constraint pass""], ""path"": ""account_id"", ""raw_field"": ""account_id"", ""role"": ""plaid_account_identifier"", ""schema_attribute"": ""account_id"", ""semantic_family"": ""identifier:plaid_account"", ""value_shape_status"": ""PASS""}; {""canonical_srs_node"": ""routing_number"", ""evidence"": [""schema_match"", ""constraint pass""], ""path"": ""routing_number"", ""raw_field"": ""routing_number"", ""role"": ""bank_routing_identifier"", ""schema_attribute"": ""routing_number"", ""semantic_family"": ""payment_account:routing_number"", ""value_shape_status"": ""PASS""}; {""canonical_srs_node"": ""bank_account_number"", ""evidence"": [""schema_match"", ""constraint pass""], ""path"": ""account_number"", ""raw_field"": ""account_number"", ""role"": ""bank_account_identifier"", ""schema_attribute"": ""account_number"", ""semantic_family"": ""payment_account:account_number"", ""value_shape_status"": ""PASS""}; {""canonical_srs_node"": ""account_type"", ""evidence"": [""schema_match"", ""constraint pass""], ""path"": ""account_type"", ""raw_field"": ""account_type"", ""role"": ""account_classification"", ""schema_attribute"": ""account_type"", ""semantic_family"": ""payment_account:account_type"", ""value_shape_status"": ""PASS""}; {""canonical_srs_node"": ""current_balance"", ""evidence"": [""schema_match"", ""constraint pass""], ""path"": ""balance_current"", ""raw_field"": ""balance_current"", ""role"": ""balance"", ""schema_attribute"": ""balance_current"", ""semantic_family"": ""payment_account:current_balance"", ""value_shape_status"": ""PASS""}; {""canonical_srs_node"": ""payment_currency"", ""evidence"": [""schema_match"", ""constraint pass""], ""path"": ""currency"", ""raw_field"": ""currency"", ""role"": ""currency_code"", ""schema_attribute"": ""currency"", ""semantic_family"": ""payment:currency"", ""value_shape_status"": ""PASS""}; {""canonical_srs_node"": ""transaction_identifier"", ""evidence"": [""schema_match"", ""constraint pass""], ""path"": ""transaction_id"", ""raw_field"": ""transaction_id"", ""role"": ""transaction_identifier"", ""schema_attribute"": ""transaction_id"", ""semantic_family"": ""identifier:transaction"", ""value_shape_status"": ""PASS""}; {""canonical_srs_node"": ""payment_amount"", ""evidence"": [""schema_match"", ""constraint pass""], ""path"": ""transaction_amount"", ""raw_field"": ""transaction_amount"", ""role"": ""transaction_amount"", ""schema_attribute"": ""transaction_amount"", ""semantic_family"": ""payment:amount"", ""value_shape_status"": ""PASS""}; {""canonical_srs_node"": ""transaction_date"", ""evidence"": [""schema_match"", ""constraint pass""], ""path"": ""transaction_date"", ""raw_field"": ""transaction_date"", ""role"": ""posted_transaction_date"", ""schema_attribute"": ""transaction_date"", ""semantic_family"": ""temporal:transaction_date"", ""value_shape_status"": ""PASS""}","{""AANF"": ""PASS"", ""CMNF"": ""PASS"", ""DBNF"": ""PASS"", ""ECNF"": ""PASS"", ""PONF"": ""PASS"", ""RRNF"": ""PASS""}",,,payload_compliance,
Plaid,Plaid_payload_06.json,Plaid_AuthTransactions_v15,ALLOW,,,"{""canonical_srs_node"": ""account_identifier"", ""evidence"": [""schema_match"", ""constraint pass""], ""path"": ""account_id"", ""raw_field"": ""account_id"", ""role"": ""plaid_account_identifier"", ""schema_attribute"": ""account_id"", ""semantic_family"": ""identifier:plaid_account"", ""value_shape_status"": ""PASS""}; {""canonical_srs_node"": ""routing_number"", ""evidence"": [""schema_match"", ""constraint pass""], ""path"": ""routing_number"", ""raw_field"": ""routing_number"", ""role"": ""bank_routing_identifier"", ""schema_attribute"": ""routing_number"", ""semantic_family"": ""payment_account:routing_number"", ""value_shape_status"": ""PASS""}; {""canonical_srs_node"": ""bank_account_number"", ""evidence"": [""schema_match"", ""constraint pass""], ""path"": ""account_number"", ""raw_field"": ""account_number"", ""role"": ""bank_account_identifier"", ""schema_attribute"": ""account_number"", ""semantic_family"": ""payment_account:account_number"", ""value_shape_status"": ""PASS""}; {""canonical_srs_node"": ""account_type"", ""evidence"": [""schema_match"", ""constraint pass""], ""path"": ""account_type"", ""raw_field"": ""account_type"", ""role"": ""account_classification"", ""schema_attribute"": ""account_type"", ""semantic_family"": ""payment_account:account_type"", ""value_shape_status"": ""PASS""}; {""canonical_srs_node"": ""current_balance"", ""evidence"": [""schema_match"", ""constraint pass""], ""path"": ""balance_current"", ""raw_field"": ""balance_current"", ""role"": ""balance"", ""schema_attribute"": ""balance_current"", ""semantic_family"": ""payment_account:current_balance"", ""value_shape_status"": ""PASS""}; {""canonical_srs_node"": ""payment_currency"", ""evidence"": [""schema_match"", ""constraint pass""], ""path"": ""currency"", ""raw_field"": ""currency"", ""role"": ""currency_code"", ""schema_attribute"": ""currency"", ""semantic_family"": ""payment:currency"", ""value_shape_status"": ""PASS""}; {""canonical_srs_node"": ""transaction_identifier"", ""evidence"": [""schema_match"", ""constraint pass""], ""path"": ""transaction_id"", ""raw_field"": ""transaction_id"", ""role"": ""transaction_identifier"", ""schema_attribute"": ""transaction_id"", ""semantic_family"": ""identifier:transaction"", ""value_shape_status"": ""PASS""}; {""canonical_srs_node"": ""payment_amount"", ""evidence"": [""schema_match"", ""constraint pass""], ""path"": ""transaction_amount"", ""raw_field"": ""transaction_amount"", ""role"": ""transaction_amount"", ""schema_attribute"": ""transaction_amount"", ""semantic_family"": ""payment:amount"", ""value_shape_status"": ""PASS""}; {""canonical_srs_node"": ""transaction_date"", ""evidence"": [""schema_match"", ""constraint pass""], ""path"": ""transaction_date"", ""raw_field"": ""transaction_date"", ""role"": ""posted_transaction_date"", ""schema_attribute"": ""transaction_date"", ""semantic_family"": ""temporal:transaction_date"", ""value_shape_status"": ""PASS""}","{""AANF"": ""PASS"", ""CMNF"": ""PASS"", ""DBNF"": ""PASS"", ""ECNF"": ""PASS"", ""PONF"": ""PASS"", ""RRNF"": ""PASS""}",,,payload_compliance,
Plaid,Plaid_payload_07.json,Plaid_AuthTransactions_v15,ALLOW,,,"{""canonical_srs_node"": ""account_identifier"", ""evidence"": [""schema_match"", ""constraint pass""], ""path"": ""account_id"", ""raw_field"": ""account_id"", ""role"": ""plaid_account_identifier"", ""schema_attribute"": ""account_id"", ""semantic_family"": ""identifier:plaid_account"", ""value_shape_status"": ""PASS""}; {""canonical_srs_node"": ""routing_number"", ""evidence"": [""schema_match"", ""constraint pass""], ""path"": ""routing_number"", ""raw_field"": ""routing_number"", ""role"": ""bank_routing_identifier"", ""schema_attribute"": ""routing_number"", ""semantic_family"": ""payment_account:routing_number"", ""value_shape_status"": ""PASS""}; {""canonical_srs_node"": ""bank_account_number"", ""evidence"": [""schema_match"", ""constraint pass""], ""path"": ""account_number"", ""raw_field"": ""account_number"", ""role"": ""bank_account_identifier"", ""schema_attribute"": ""account_number"", ""semantic_family"": ""payment_account:account_number"", ""value_shape_status"": ""PASS""}; {""canonical_srs_node"": ""account_type"", ""evidence"": [""schema_match"", ""constraint pass""], ""path"": ""account_type"", ""raw_field"": ""account_type"", ""role"": ""account_classification"", ""schema_attribute"": ""account_type"", ""semantic_family"": ""payment_account:account_type"", ""value_shape_status"": ""PASS""}; {""canonical_srs_node"": ""current_balance"", ""evidence"": [""schema_match"", ""constraint pass""], ""path"": ""balance_current"", ""raw_field"": ""balance_current"", ""role"": ""balance"", ""schema_attribute"": ""balance_current"", ""semantic_family"": ""payment_account:current_balance"", ""value_shape_status"": ""PASS""}; {""canonical_srs_node"": ""payment_currency"", ""evidence"": [""schema_match"", ""constraint pass""], ""path"": ""currency"", ""raw_field"": ""currency"", ""role"": ""currency_code"", ""schema_attribute"": ""currency"", ""semantic_family"": ""payment:currency"", ""value_shape_status"": ""PASS""}; {""canonical_srs_node"": ""transaction_identifier"", ""evidence"": [""schema_match"", ""constraint pass""], ""path"": ""transaction_id"", ""raw_field"": ""transaction_id"", ""role"": ""transaction_identifier"", ""schema_attribute"": ""transaction_id"", ""semantic_family"": ""identifier:transaction"", ""value_shape_status"": ""PASS""}; {""canonical_srs_node"": ""payment_amount"", ""evidence"": [""schema_match"", ""constraint pass""], ""path"": ""transaction_amount"", ""raw_field"": ""transaction_amount"", ""role"": ""transaction_amount"", ""schema_attribute"": ""transaction_amount"", ""semantic_family"": ""payment:amount"", ""value_shape_status"": ""PASS""}; {""canonical_srs_node"": ""transaction_date"", ""evidence"": [""schema_match"", ""constraint pass""], ""path"": ""transaction_date"", ""raw_field"": ""transaction_date"", ""role"": ""posted_transaction_date"", ""schema_attribute"": ""transaction_date"", ""semantic_family"": ""temporal:transaction_date"", ""value_shape_status"": ""PASS""}","{""AANF"": ""PASS"", ""CMNF"": ""PASS"", ""DBNF"": ""PASS"", ""ECNF"": ""PASS"", ""PONF"": ""PASS"", ""RRNF"": ""PASS""}",,,payload_compliance,
Plaid,Plaid_payload_08.json,Plaid_AuthTransactions_v15,ALLOW,,,"{""canonical_srs_node"": ""account_identifier"", ""evidence"": [""schema_match"", ""constraint pass""], ""path"": ""account_id"", ""raw_field"": ""account_id"", ""role"": ""plaid_account_identifier"", ""schema_attribute"": ""account_id"", ""semantic_family"": ""identifier:plaid_account"", ""value_shape_status"": ""PASS""}; {""canonical_srs_node"": ""routing_number"", ""evidence"": [""schema_match"", ""constraint pass""], ""path"": ""routing_number"", ""raw_field"": ""routing_number"", ""role"": ""bank_routing_identifier"", ""schema_attribute"": ""routing_number"", ""semantic_family"": ""payment_account:routing_number"", ""value_shape_status"": ""PASS""}; {""canonical_srs_node"": ""bank_account_number"", ""evidence"": [""schema_match"", ""constraint pass""], ""path"": ""account_number"", ""raw_field"": ""account_number"", ""role"": ""bank_account_identifier"", ""schema_attribute"": ""account_number"", ""semantic_family"": ""payment_account:account_number"", ""value_shape_status"": ""PASS""}; {""canonical_srs_node"": ""account_type"", ""evidence"": [""schema_match"", ""constraint pass""], ""path"": ""account_type"", ""raw_field"": ""account_type"", ""role"": ""account_classification"", ""schema_attribute"": ""account_type"", ""semantic_family"": ""payment_account:account_type"", ""value_shape_status"": ""PASS""}; {""canonical_srs_node"": ""current_balance"", ""evidence"": [""schema_match"", ""constraint pass""], ""path"": ""balance_current"", ""raw_field"": ""balance_current"", ""role"": ""balance"", ""schema_attribute"": ""balance_current"", ""semantic_family"": ""payment_account:current_balance"", ""value_shape_status"": ""PASS""}; {""canonical_srs_node"": ""payment_currency"", ""evidence"": [""schema_match"", ""constraint pass""], ""path"": ""currency"", ""raw_field"": ""currency"", ""role"": ""currency_code"", ""schema_attribute"": ""currency"", ""semantic_family"": ""payment:currency"", ""value_shape_status"": ""PASS""}; {""canonical_srs_node"": ""transaction_identifier"", ""evidence"": [""schema_match"", ""constraint pass""], ""path"": ""transaction_id"", ""raw_field"": ""transaction_id"", ""role"": ""transaction_identifier"", ""schema_attribute"": ""transaction_id"", ""semantic_family"": ""identifier:transaction"", ""value_shape_status"": ""PASS""}; {""canonical_srs_node"": ""payment_amount"", ""evidence"": [""schema_match"", ""constraint pass""], ""path"": ""transaction_amount"", ""raw_field"": ""transaction_amount"", ""role"": ""transaction_amount"", ""schema_attribute"": ""transaction_amount"", ""semantic_family"": ""payment:amount"", ""value_shape_status"": ""PASS""}; {""canonical_srs_node"": ""transaction_date"", ""evidence"": [""schema_match"", ""constraint pass""], ""path"": ""transaction_date"", ""raw_field"": ""transaction_date"", ""role"": ""posted_transaction_date"", ""schema_attribute"": ""transaction_date"", ""semantic_family"": ""temporal:transaction_date"", ""value_shape_status"": ""PASS""}","{""AANF"": ""PASS"", ""CMNF"": ""PASS"", ""DBNF"": ""PASS"", ""ECNF"": ""PASS"", ""PONF"": ""PASS"", ""RRNF"": ""PASS""}",,,payload_compliance,
Razorpay,Razorpay_payload_01.json,Razorpay_PaymentEntity_v15,ALLOW,,,"{""canonical_srs_node"": ""payment_identifier"", ""evidence"": [""schema_match"", ""constraint pass""], ""path"": ""razorpay_payment_id"", ""raw_field"": ""razorpay_payment_id"", ""role"": ""payment_object_identifier"", ""schema_attribute"": ""razorpay_payment_id"", ""semantic_family"": ""identifier:razorpay_payment"", ""value_shape_status"": ""PASS""}; {""canonical_srs_node"": ""order_identifier"", ""evidence"": [""schema_match"", ""constraint pass""], ""path"": ""razorpay_order_id"", ""raw_field"": ""razorpay_order_id"", ""role"": ""order_identifier"", ""schema_attribute"": ""razorpay_order_id"", ""semantic_family"": ""identifier:order"", ""value_shape_status"": ""PASS""}; {""canonical_srs_node"": ""payment_amount"", ""evidence"": [""schema_match"", ""constraint pass""], ""path"": ""amount"", ""raw_field"": ""amount"", ""role"": ""payment_amount_minor_units"", ""schema_attribute"": ""amount"", ""semantic_family"": ""payment:amount"", ""value_shape_status"": ""PASS""}; {""canonical_srs_node"": ""payment_currency"", ""evidence"": [""schema_match"", ""constraint pass""], ""path"": ""currency"", ""raw_field"": ""currency"", ""role"": ""currency_code"", ""schema_attribute"": ""currency"", ""semantic_family"": ""payment:currency"", ""value_shape_status"": ""PASS""}; {""canonical_srs_node"": ""payment_method"", ""evidence"": [""schema_match"", ""constraint pass""], ""path"": ""method"", ""raw_field"": ""method"", ""role"": ""payment_method"", ""schema_attribute"": ""method"", ""semantic_family"": ""payment:method"", ""value_shape_status"": ""PASS""}; {""canonical_srs_node"": ""virtual_payment_address"", ""evidence"": [""schema_match"", ""constraint pass""], ""path"": ""vpa"", ""raw_field"": ""vpa"", ""role"": ""payer_or_customer_vpa"", ""schema_attribute"": ""vpa"", ""semantic_family"": ""upi:vpa"", ""value_shape_status"": ""PASS""}; {""canonical_srs_node"": ""customer_email"", ""evidence"": [""schema_match"", ""constraint pass""], ""path"": ""email"", ""raw_field"": ""email"", ""role"": ""customer_contact"", ""schema_attribute"": ""email"", ""semantic_family"": ""party:customer_email"", ""value_shape_status"": ""PASS""}; {""canonical_srs_node"": ""customer_contact"", ""evidence"": [""schema_match"", ""constraint pass""], ""path"": ""contact"", ""raw_field"": ""contact"", ""role"": ""customer_contact"", ""schema_attribute"": ""contact"", ""semantic_family"": ""party:customer_contact"", ""value_shape_status"": ""PASS""}; {""canonical_srs_node"": ""payment_status"", ""evidence"": [""schema_match"", ""constraint pass""], ""path"": ""status"", ""raw_field"": ""status"", ""role"": ""payment_lifecycle_status"", ""schema_attribute"": ""status"", ""semantic_family"": ""payment:status"", ""value_shape_status"": ""PASS""}; {""canonical_srs_node"": ""created_at"", ""evidence"": [""schema_match"", ""constraint pass""], ""path"": ""created_at"", ""raw_field"": ""created_at"", ""role"": ""payment_created_timestamp"", ""schema_attribute"": ""created_at"", ""semantic_family"": ""temporal:created_at"", ""value_shape_status"": ""PASS""}","{""AANF"": ""PASS"", ""CMNF"": ""PASS"", ""DBNF"": ""PASS"", ""ECNF"": ""PASS"", ""PONF"": ""PASS"", ""RRNF"": ""PASS""}",,,payload_compliance,
Razorpay,Razorpay_payload_02.json,Razorpay_PaymentEntity_v15,ALLOW,,,"{""canonical_srs_node"": ""payment_identifier"", ""evidence"": [""schema_match"", ""constraint pass""], ""path"": ""razorpay_payment_id"", ""raw_field"": ""razorpay_payment_id"", ""role"": ""payment_object_identifier"", ""schema_attribute"": ""razorpay_payment_id"", ""semantic_family"": ""identifier:razorpay_payment"", ""value_shape_status"": ""PASS""}; {""canonical_srs_node"": ""order_identifier"", ""evidence"": [""schema_match"", ""constraint pass""], ""path"": ""razorpay_order_id"", ""raw_field"": ""razorpay_order_id"", ""role"": ""order_identifier"", ""schema_attribute"": ""razorpay_order_id"", ""semantic_family"": ""identifier:order"", ""value_shape_status"": ""PASS""}; {""canonical_srs_node"": ""payment_amount"", ""evidence"": [""schema_match"", ""constraint pass""], ""path"": ""amount"", ""raw_field"": ""amount"", ""role"": ""payment_amount_minor_units"", ""schema_attribute"": ""amount"", ""semantic_family"": ""payment:amount"", ""value_shape_status"": ""PASS""}; {""canonical_srs_node"": ""payment_currency"", ""evidence"": [""schema_match"", ""constraint pass""], ""path"": ""currency"", ""raw_field"": ""currency"", ""role"": ""currency_code"", ""schema_attribute"": ""currency"", ""semantic_family"": ""payment:currency"", ""value_shape_status"": ""PASS""}; {""canonical_srs_node"": ""payment_method"", ""evidence"": [""schema_match"", ""constraint pass""], ""path"": ""method"", ""raw_field"": ""method"", ""role"": ""payment_method"", ""schema_attribute"": ""method"", ""semantic_family"": ""payment:method"", ""value_shape_status"": ""PASS""}; {""canonical_srs_node"": ""virtual_payment_address"", ""evidence"": [""schema_match"", ""constraint pass""], ""path"": ""vpa"", ""raw_field"": ""vpa"", ""role"": ""payer_or_customer_vpa"", ""schema_attribute"": ""vpa"", ""semantic_family"": ""upi:vpa"", ""value_shape_status"": ""PASS""}; {""canonical_srs_node"": ""customer_email"", ""evidence"": [""schema_match"", ""constraint pass""], ""path"": ""email"", ""raw_field"": ""email"", ""role"": ""customer_contact"", ""schema_attribute"": ""email"", ""semantic_family"": ""party:customer_email"", ""value_shape_status"": ""PASS""}; {""canonical_srs_node"": ""customer_contact"", ""evidence"": [""schema_match"", ""constraint pass""], ""path"": ""contact"", ""raw_field"": ""contact"", ""role"": ""customer_contact"", ""schema_attribute"": ""contact"", ""semantic_family"": ""party:customer_contact"", ""value_shape_status"": ""PASS""}; {""canonical_srs_node"": ""payment_status"", ""evidence"": [""schema_match"", ""constraint pass""], ""path"": ""status"", ""raw_field"": ""status"", ""role"": ""payment_lifecycle_status"", ""schema_attribute"": ""status"", ""semantic_family"": ""payment:status"", ""value_shape_status"": ""PASS""}; {""canonical_srs_node"": ""created_at"", ""evidence"": [""schema_match"", ""constraint pass""], ""path"": ""created_at"", ""raw_field"": ""created_at"", ""role"": ""payment_created_timestamp"", ""schema_attribute"": ""created_at"", ""semantic_family"": ""temporal:created_at"", ""value_shape_status"": ""PASS""}","{""AANF"": ""PASS"", ""CMNF"": ""PASS"", ""DBNF"": ""PASS"", ""ECNF"": ""PASS"", ""PONF"": ""PASS"", ""RRNF"": ""PASS""}",,,payload_compliance,
Razorpay,Razorpay_payload_03.json,Razorpay_PaymentEntity_v15,ALLOW,,,"{""canonical_srs_node"": ""payment_identifier"", ""evidence"": [""schema_match"", ""constraint pass""], ""path"": ""razorpay_payment_id"", ""raw_field"": ""razorpay_payment_id"", ""role"": ""payment_object_identifier"", ""schema_attribute"": ""razorpay_payment_id"", ""semantic_family"": ""identifier:razorpay_payment"", ""value_shape_status"": ""PASS""}; {""canonical_srs_node"": ""order_identifier"", ""evidence"": [""schema_match"", ""constraint pass""], ""path"": ""razorpay_order_id"", ""raw_field"": ""razorpay_order_id"", ""role"": ""order_identifier"", ""schema_attribute"": ""razorpay_order_id"", ""semantic_family"": ""identifier:order"", ""value_shape_status"": ""PASS""}; {""canonical_srs_node"": ""payment_amount"", ""evidence"": [""schema_match"", ""constraint pass""], ""path"": ""amount"", ""raw_field"": ""amount"", ""role"": ""payment_amount_minor_units"", ""schema_attribute"": ""amount"", ""semantic_family"": ""payment:amount"", ""value_shape_status"": ""PASS""}; {""canonical_srs_node"": ""payment_currency"", ""evidence"": [""schema_match"", ""constraint pass""], ""path"": ""currency"", ""raw_field"": ""currency"", ""role"": ""currency_code"", ""schema_attribute"": ""currency"", ""semantic_family"": ""payment:currency"", ""value_shape_status"": ""PASS""}; {""canonical_srs_node"": ""payment_method"", ""evidence"": [""schema_match"", ""constraint pass""], ""path"": ""method"", ""raw_field"": ""method"", ""role"": ""payment_method"", ""schema_attribute"": ""method"", ""semantic_family"": ""payment:method"", ""value_shape_status"": ""PASS""}; {""canonical_srs_node"": ""virtual_payment_address"", ""evidence"": [""schema_match"", ""constraint pass""], ""path"": ""vpa"", ""raw_field"": ""vpa"", ""role"": ""payer_or_customer_vpa"", ""schema_attribute"": ""vpa"", ""semantic_family"": ""upi:vpa"", ""value_shape_status"": ""PASS""}; {""canonical_srs_node"": ""customer_email"", ""evidence"": [""schema_match"", ""constraint pass""], ""path"": ""email"", ""raw_field"": ""email"", ""role"": ""customer_contact"", ""schema_attribute"": ""email"", ""semantic_family"": ""party:customer_email"", ""value_shape_status"": ""PASS""}; {""canonical_srs_node"": ""customer_contact"", ""evidence"": [""schema_match"", ""constraint pass""], ""path"": ""contact"", ""raw_field"": ""contact"", ""role"": ""customer_contact"", ""schema_attribute"": ""contact"", ""semantic_family"": ""party:customer_contact"", ""value_shape_status"": ""PASS""}; {""canonical_srs_node"": ""payment_status"", ""evidence"": [""schema_match"", ""constraint pass""], ""path"": ""status"", ""raw_field"": ""status"", ""role"": ""payment_lifecycle_status"", ""schema_attribute"": ""status"", ""semantic_family"": ""payment:status"", ""value_shape_status"": ""PASS""}; {""canonical_srs_node"": ""created_at"", ""evidence"": [""schema_match"", ""constraint pass""], ""path"": ""created_at"", ""raw_field"": ""created_at"", ""role"": ""payment_created_timestamp"", ""schema_attribute"": ""created_at"", ""semantic_family"": ""temporal:created_at"", ""value_shape_status"": ""PASS""}","{""AANF"": ""PASS"", ""CMNF"": ""PASS"", ""DBNF"": ""PASS"", ""ECNF"": ""PASS"", ""PONF"": ""PASS"", ""RRNF"": ""PASS""}",,,payload_compliance,
Razorpay,Razorpay_payload_04.json,Razorpay_PaymentEntity_v15,ALLOW,,,"{""canonical_srs_node"": ""payment_identifier"", ""evidence"": [""schema_match"", ""constraint pass""], ""path"": ""razorpay_payment_id"", ""raw_field"": ""razorpay_payment_id"", ""role"": ""payment_object_identifier"", ""schema_attribute"": ""razorpay_payment_id"", ""semantic_family"": ""identifier:razorpay_payment"", ""value_shape_status"": ""PASS""}; {""canonical_srs_node"": ""order_identifier"", ""evidence"": [""schema_match"", ""constraint pass""], ""path"": ""razorpay_order_id"", ""raw_field"": ""razorpay_order_id"", ""role"": ""order_identifier"", ""schema_attribute"": ""razorpay_order_id"", ""semantic_family"": ""identifier:order"", ""value_shape_status"": ""PASS""}; {""canonical_srs_node"": ""payment_amount"", ""evidence"": [""schema_match"", ""constraint pass""], ""path"": ""amount"", ""raw_field"": ""amount"", ""role"": ""payment_amount_minor_units"", ""schema_attribute"": ""amount"", ""semantic_family"": ""payment:amount"", ""value_shape_status"": ""PASS""}; {""canonical_srs_node"": ""payment_currency"", ""evidence"": [""schema_match"", ""constraint pass""], ""path"": ""currency"", ""raw_field"": ""currency"", ""role"": ""currency_code"", ""schema_attribute"": ""currency"", ""semantic_family"": ""payment:currency"", ""value_shape_status"": ""PASS""}; {""canonical_srs_node"": ""payment_method"", ""evidence"": [""schema_match"", ""constraint pass""], ""path"": ""method"", ""raw_field"": ""method"", ""role"": ""payment_method"", ""schema_attribute"": ""method"", ""semantic_family"": ""payment:method"", ""value_shape_status"": ""PASS""}; {""canonical_srs_node"": ""virtual_payment_address"", ""evidence"": [""schema_match"", ""constraint pass""], ""path"": ""vpa"", ""raw_field"": ""vpa"", ""role"": ""payer_or_customer_vpa"", ""schema_attribute"": ""vpa"", ""semantic_family"": ""upi:vpa"", ""value_shape_status"": ""PASS""}; {""canonical_srs_node"": ""customer_email"", ""evidence"": [""schema_match"", ""constraint pass""], ""path"": ""email"", ""raw_field"": ""email"", ""role"": ""customer_contact"", ""schema_attribute"": ""email"", ""semantic_family"": ""party:customer_email"", ""value_shape_status"": ""PASS""}; {""canonical_srs_node"": ""customer_contact"", ""evidence"": [""schema_match"", ""constraint pass""], ""path"": ""contact"", ""raw_field"": ""contact"", ""role"": ""customer_contact"", ""schema_attribute"": ""contact"", ""semantic_family"": ""party:customer_contact"", ""value_shape_status"": ""PASS""}; {""canonical_srs_node"": ""payment_status"", ""evidence"": [""schema_match"", ""constraint pass""], ""path"": ""status"", ""raw_field"": ""status"", ""role"": ""payment_lifecycle_status"", ""schema_attribute"": ""status"", ""semantic_family"": ""payment:status"", ""value_shape_status"": ""PASS""}; {""canonical_srs_node"": ""created_at"", ""evidence"": [""schema_match"", ""constraint pass""], ""path"": ""created_at"", ""raw_field"": ""created_at"", ""role"": ""payment_created_timestamp"", ""schema_attribute"": ""created_at"", ""semantic_family"": ""temporal:created_at"", ""value_shape_status"": ""PASS""}","{""AANF"": ""PASS"", ""CMNF"": ""PASS"", ""DBNF"": ""PASS"", ""ECNF"": ""PASS"", ""PONF"": ""PASS"", ""RRNF"": ""PASS""}",,,payload_compliance,
Razorpay,Razorpay_payload_05.json,Razorpay_PaymentEntity_v15,ALLOW,,,"{""canonical_srs_node"": ""payment_identifier"", ""evidence"": [""schema_match"", ""constraint pass""], ""path"": ""razorpay_payment_id"", ""raw_field"": ""razorpay_payment_id"", ""role"": ""payment_object_identifier"", ""schema_attribute"": ""razorpay_payment_id"", ""semantic_family"": ""identifier:razorpay_payment"", ""value_shape_status"": ""PASS""}; {""canonical_srs_node"": ""order_identifier"", ""evidence"": [""schema_match"", ""constraint pass""], ""path"": ""razorpay_order_id"", ""raw_field"": ""razorpay_order_id"", ""role"": ""order_identifier"", ""schema_attribute"": ""razorpay_order_id"", ""semantic_family"": ""identifier:order"", ""value_shape_status"": ""PASS""}; {""canonical_srs_node"": ""payment_amount"", ""evidence"": [""schema_match"", ""constraint pass""], ""path"": ""amount"", ""raw_field"": ""amount"", ""role"": ""payment_amount_minor_units"", ""schema_attribute"": ""amount"", ""semantic_family"": ""payment:amount"", ""value_shape_status"": ""PASS""}; {""canonical_srs_node"": ""payment_currency"", ""evidence"": [""schema_match"", ""constraint pass""], ""path"": ""currency"", ""raw_field"": ""currency"", ""role"": ""currency_code"", ""schema_attribute"": ""currency"", ""semantic_family"": ""payment:currency"", ""value_shape_status"": ""PASS""}; {""canonical_srs_node"": ""payment_method"", ""evidence"": [""schema_match"", ""constraint pass""], ""path"": ""method"", ""raw_field"": ""method"", ""role"": ""payment_method"", ""schema_attribute"": ""method"", ""semantic_family"": ""payment:method"", ""value_shape_status"": ""PASS""}; {""canonical_srs_node"": ""virtual_payment_address"", ""evidence"": [""schema_match"", ""constraint pass""], ""path"": ""vpa"", ""raw_field"": ""vpa"", ""role"": ""payer_or_customer_vpa"", ""schema_attribute"": ""vpa"", ""semantic_family"": ""upi:vpa"", ""value_shape_status"": ""PASS""}; {""canonical_srs_node"": ""customer_email"", ""evidence"": [""schema_match"", ""constraint pass""], ""path"": ""email"", ""raw_field"": ""email"", ""role"": ""customer_contact"", ""schema_attribute"": ""email"", ""semantic_family"": ""party:customer_email"", ""value_shape_status"": ""PASS""}; {""canonical_srs_node"": ""customer_contact"", ""evidence"": [""schema_match"", ""constraint pass""], ""path"": ""contact"", ""raw_field"": ""contact"", ""role"": ""customer_contact"", ""schema_attribute"": ""contact"", ""semantic_family"": ""party:customer_contact"", ""value_shape_status"": ""PASS""}; {""canonical_srs_node"": ""payment_status"", ""evidence"": [""schema_match"", ""constraint pass""], ""path"": ""status"", ""raw_field"": ""status"", ""role"": ""payment_lifecycle_status"", ""schema_attribute"": ""status"", ""semantic_family"": ""payment:status"", ""value_shape_status"": ""PASS""}; {""canonical_srs_node"": ""created_at"", ""evidence"": [""schema_match"", ""constraint pass""], ""path"": ""created_at"", ""raw_field"": ""created_at"", ""role"": ""payment_created_timestamp"", ""schema_attribute"": ""created_at"", ""semantic_family"": ""temporal:created_at"", ""value_shape_status"": ""PASS""}","{""AANF"": ""PASS"", ""CMNF"": ""PASS"", ""DBNF"": ""PASS"", ""ECNF"": ""PASS"", ""PONF"": ""PASS"", ""RRNF"": ""PASS""}",,,payload_compliance,
Razorpay,Razorpay_payload_06.json,Razorpay_PaymentEntity_v15,ALLOW,,,"{""canonical_srs_node"": ""payment_identifier"", ""evidence"": [""schema_match"", ""constraint pass""], ""path"": ""razorpay_payment_id"", ""raw_field"": ""razorpay_payment_id"", ""role"": ""payment_object_identifier"", ""schema_attribute"": ""razorpay_payment_id"", ""semantic_family"": ""identifier:razorpay_payment"", ""value_shape_status"": ""PASS""}; {""canonical_srs_node"": ""order_identifier"", ""evidence"": [""schema_match"", ""constraint pass""], ""path"": ""razorpay_order_id"", ""raw_field"": ""razorpay_order_id"", ""role"": ""order_identifier"", ""schema_attribute"": ""razorpay_order_id"", ""semantic_family"": ""identifier:order"", ""value_shape_status"": ""PASS""}; {""canonical_srs_node"": ""payment_amount"", ""evidence"": [""schema_match"", ""constraint pass""], ""path"": ""amount"", ""raw_field"": ""amount"", ""role"": ""payment_amount_minor_units"", ""schema_attribute"": ""amount"", ""semantic_family"": ""payment:amount"", ""value_shape_status"": ""PASS""}; {""canonical_srs_node"": ""payment_currency"", ""evidence"": [""schema_match"", ""constraint pass""], ""path"": ""currency"", ""raw_field"": ""currency"", ""role"": ""currency_code"", ""schema_attribute"": ""currency"", ""semantic_family"": ""payment:currency"", ""value_shape_status"": ""PASS""}; {""canonical_srs_node"": ""payment_method"", ""evidence"": [""schema_match"", ""constraint pass""], ""path"": ""method"", ""raw_field"": ""method"", ""role"": ""payment_method"", ""schema_attribute"": ""method"", ""semantic_family"": ""payment:method"", ""value_shape_status"": ""PASS""}; {""canonical_srs_node"": ""virtual_payment_address"", ""evidence"": [""schema_match"", ""constraint pass""], ""path"": ""vpa"", ""raw_field"": ""vpa"", ""role"": ""payer_or_customer_vpa"", ""schema_attribute"": ""vpa"", ""semantic_family"": ""upi:vpa"", ""value_shape_status"": ""PASS""}; {""canonical_srs_node"": ""customer_email"", ""evidence"": [""schema_match"", ""constraint pass""], ""path"": ""email"", ""raw_field"": ""email"", ""role"": ""customer_contact"", ""schema_attribute"": ""email"", ""semantic_family"": ""party:customer_email"", ""value_shape_status"": ""PASS""}; {""canonical_srs_node"": ""customer_contact"", ""evidence"": [""schema_match"", ""constraint pass""], ""path"": ""contact"", ""raw_field"": ""contact"", ""role"": ""customer_contact"", ""schema_attribute"": ""contact"", ""semantic_family"": ""party:customer_contact"", ""value_shape_status"": ""PASS""}; {""canonical_srs_node"": ""payment_status"", ""evidence"": [""schema_match"", ""constraint pass""], ""path"": ""status"", ""raw_field"": ""status"", ""role"": ""payment_lifecycle_status"", ""schema_attribute"": ""status"", ""semantic_family"": ""payment:status"", ""value_shape_status"": ""PASS""}; {""canonical_srs_node"": ""created_at"", ""evidence"": [""schema_match"", ""constraint pass""], ""path"": ""created_at"", ""raw_field"": ""created_at"", ""role"": ""payment_created_timestamp"", ""schema_attribute"": ""created_at"", ""semantic_family"": ""temporal:created_at"", ""value_shape_status"": ""PASS""}","{""AANF"": ""PASS"", ""CMNF"": ""PASS"", ""DBNF"": ""PASS"", ""ECNF"": ""PASS"", ""PONF"": ""PASS"", ""RRNF"": ""PASS""}",,,payload_compliance,
Razorpay,Razorpay_payload_07.json,Razorpay_PaymentEntity_v15,ALLOW,,,"{""canonical_srs_node"": ""payment_identifier"", ""evidence"": [""schema_match"", ""constraint pass""], ""path"": ""razorpay_payment_id"", ""raw_field"": ""razorpay_payment_id"", ""role"": ""payment_object_identifier"", ""schema_attribute"": ""razorpay_payment_id"", ""semantic_family"": ""identifier:razorpay_payment"", ""value_shape_status"": ""PASS""}; {""canonical_srs_node"": ""order_identifier"", ""evidence"": [""schema_match"", ""constraint pass""], ""path"": ""razorpay_order_id"", ""raw_field"": ""razorpay_order_id"", ""role"": ""order_identifier"", ""schema_attribute"": ""razorpay_order_id"", ""semantic_family"": ""identifier:order"", ""value_shape_status"": ""PASS""}; {""canonical_srs_node"": ""payment_amount"", ""evidence"": [""schema_match"", ""constraint pass""], ""path"": ""amount"", ""raw_field"": ""amount"", ""role"": ""payment_amount_minor_units"", ""schema_attribute"": ""amount"", ""semantic_family"": ""payment:amount"", ""value_shape_status"": ""PASS""}; {""canonical_srs_node"": ""payment_currency"", ""evidence"": [""schema_match"", ""constraint pass""], ""path"": ""currency"", ""raw_field"": ""currency"", ""role"": ""currency_code"", ""schema_attribute"": ""currency"", ""semantic_family"": ""payment:currency"", ""value_shape_status"": ""PASS""}; {""canonical_srs_node"": ""payment_method"", ""evidence"": [""schema_match"", ""constraint pass""], ""path"": ""method"", ""raw_field"": ""method"", ""role"": ""payment_method"", ""schema_attribute"": ""method"", ""semantic_family"": ""payment:method"", ""value_shape_status"": ""PASS""}; {""canonical_srs_node"": ""virtual_payment_address"", ""evidence"": [""schema_match"", ""constraint pass""], ""path"": ""vpa"", ""raw_field"": ""vpa"", ""role"": ""payer_or_customer_vpa"", ""schema_attribute"": ""vpa"", ""semantic_family"": ""upi:vpa"", ""value_shape_status"": ""PASS""}; {""canonical_srs_node"": ""customer_email"", ""evidence"": [""schema_match"", ""constraint pass""], ""path"": ""email"", ""raw_field"": ""email"", ""role"": ""customer_contact"", ""schema_attribute"": ""email"", ""semantic_family"": ""party:customer_email"", ""value_shape_status"": ""PASS""}; {""canonical_srs_node"": ""customer_contact"", ""evidence"": [""schema_match"", ""constraint pass""], ""path"": ""contact"", ""raw_field"": ""contact"", ""role"": ""customer_contact"", ""schema_attribute"": ""contact"", ""semantic_family"": ""party:customer_contact"", ""value_shape_status"": ""PASS""}; {""canonical_srs_node"": ""payment_status"", ""evidence"": [""schema_match"", ""constraint pass""], ""path"": ""status"", ""raw_field"": ""status"", ""role"": ""payment_lifecycle_status"", ""schema_attribute"": ""status"", ""semantic_family"": ""payment:status"", ""value_shape_status"": ""PASS""}; {""canonical_srs_node"": ""created_at"", ""evidence"": [""schema_match"", ""constraint pass""], ""path"": ""created_at"", ""raw_field"": ""created_at"", ""role"": ""payment_created_timestamp"", ""schema_attribute"": ""created_at"", ""semantic_family"": ""temporal:created_at"", ""value_shape_status"": ""PASS""}","{""AANF"": ""PASS"", ""CMNF"": ""PASS"", ""DBNF"": ""PASS"", ""ECNF"": ""PASS"", ""PONF"": ""PASS"", ""RRNF"": ""PASS""}",,,payload_compliance,
Razorpay,Razorpay_payload_08.json,Razorpay_PaymentEntity_v15,ALLOW,,,"{""canonical_srs_node"": ""payment_identifier"", ""evidence"": [""schema_match"", ""constraint pass""], ""path"": ""razorpay_payment_id"", ""raw_field"": ""razorpay_payment_id"", ""role"": ""payment_object_identifier"", ""schema_attribute"": ""razorpay_payment_id"", ""semantic_family"": ""identifier:razorpay_payment"", ""value_shape_status"": ""PASS""}; {""canonical_srs_node"": ""order_identifier"", ""evidence"": [""schema_match"", ""constraint pass""], ""path"": ""razorpay_order_id"", ""raw_field"": ""razorpay_order_id"", ""role"": ""order_identifier"", ""schema_attribute"": ""razorpay_order_id"", ""semantic_family"": ""identifier:order"", ""value_shape_status"": ""PASS""}; {""canonical_srs_node"": ""payment_amount"", ""evidence"": [""schema_match"", ""constraint pass""], ""path"": ""amount"", ""raw_field"": ""amount"", ""role"": ""payment_amount_minor_units"", ""schema_attribute"": ""amount"", ""semantic_family"": ""payment:amount"", ""value_shape_status"": ""PASS""}; {""canonical_srs_node"": ""payment_currency"", ""evidence"": [""schema_match"", ""constraint pass""], ""path"": ""currency"", ""raw_field"": ""currency"", ""role"": ""currency_code"", ""schema_attribute"": ""currency"", ""semantic_family"": ""payment:currency"", ""value_shape_status"": ""PASS""}; {""canonical_srs_node"": ""payment_method"", ""evidence"": [""schema_match"", ""constraint pass""], ""path"": ""method"", ""raw_field"": ""method"", ""role"": ""payment_method"", ""schema_attribute"": ""method"", ""semantic_family"": ""payment:method"", ""value_shape_status"": ""PASS""}; {""canonical_srs_node"": ""virtual_payment_address"", ""evidence"": [""schema_match"", ""constraint pass""], ""path"": ""vpa"", ""raw_field"": ""vpa"", ""role"": ""payer_or_customer_vpa"", ""schema_attribute"": ""vpa"", ""semantic_family"": ""upi:vpa"", ""value_shape_status"": ""PASS""}; {""canonical_srs_node"": ""customer_email"", ""evidence"": [""schema_match"", ""constraint pass""], ""path"": ""email"", ""raw_field"": ""email"", ""role"": ""customer_contact"", ""schema_attribute"": ""email"", ""semantic_family"": ""party:customer_email"", ""value_shape_status"": ""PASS""}; {""canonical_srs_node"": ""customer_contact"", ""evidence"": [""schema_match"", ""constraint pass""], ""path"": ""contact"", ""raw_field"": ""contact"", ""role"": ""customer_contact"", ""schema_attribute"": ""contact"", ""semantic_family"": ""party:customer_contact"", ""value_shape_status"": ""PASS""}; {""canonical_srs_node"": ""payment_status"", ""evidence"": [""schema_match"", ""constraint pass""], ""path"": ""status"", ""raw_field"": ""status"", ""role"": ""payment_lifecycle_status"", ""schema_attribute"": ""status"", ""semantic_family"": ""payment:status"", ""value_shape_status"": ""PASS""}; {""canonical_srs_node"": ""created_at"", ""evidence"": [""schema_match"", ""constraint pass""], ""path"": ""created_at"", ""raw_field"": ""created_at"", ""role"": ""payment_created_timestamp"", ""schema_attribute"": ""created_at"", ""semantic_family"": ""temporal:created_at"", ""value_shape_status"": ""PASS""}","{""AANF"": ""PASS"", ""CMNF"": ""PASS"", ""DBNF"": ""PASS"", ""ECNF"": ""PASS"", ""PONF"": ""PASS"", ""RRNF"": ""PASS""}",,,payload_compliance,
Stripe,Stripe_payload_01.json,Stripe_PaymentIntent_v15,ALLOW,,,"{""canonical_srs_node"": ""payment_intent_identifier"", ""evidence"": [""schema_match"", ""constraint pass""], ""path"": ""payment_intent_id"", ""raw_field"": ""payment_intent_id"", ""role"": ""payment_intent_object_identifier"", ""schema_attribute"": ""payment_intent_id"", ""semantic_family"": ""identifier:payment_intent"", ""value_shape_status"": ""PASS""}; {""canonical_srs_node"": ""payment_amount"", ""evidence"": [""schema_match"", ""constraint pass""], ""path"": ""amount"", ""raw_field"": ""amount"", ""role"": ""payment_amount_minor_units"", ""schema_attribute"": ""amount"", ""semantic_family"": ""payment:amount"", ""value_shape_status"": ""PASS""}; {""canonical_srs_node"": ""payment_currency"", ""evidence"": [""schema_match"", ""constraint pass""], ""path"": ""currency"", ""raw_field"": ""currency"", ""role"": ""currency_code"", ""schema_attribute"": ""currency"", ""semantic_family"": ""payment:currency"", ""value_shape_status"": ""PASS""}; {""canonical_srs_node"": ""customer_identifier"", ""evidence"": [""schema_match"", ""constraint pass""], ""path"": ""customer_id"", ""raw_field"": ""customer_id"", ""role"": ""customer_object_identifier"", ""schema_attribute"": ""customer_id"", ""semantic_family"": ""identifier:customer"", ""value_shape_status"": ""PASS""}; {""canonical_srs_node"": ""payment_method"", ""evidence"": [""schema_match"", ""constraint pass""], ""path"": ""payment_method"", ""raw_field"": ""payment_method"", ""role"": ""payment_method_reference"", ""schema_attribute"": ""payment_method"", ""semantic_family"": ""payment:method"", ""value_shape_status"": ""PASS""}; {""canonical_srs_node"": ""card_last4"", ""evidence"": [""schema_match"", ""constraint pass""], ""path"": ""card_last4"", ""raw_field"": ""card_last4"", ""role"": ""card_summary"", ""schema_attribute"": ""card_last4"", ""semantic_family"": ""payment_card:last4"", ""value_shape_status"": ""PASS""}; {""canonical_srs_node"": ""card_brand"", ""evidence"": [""schema_match"", ""constraint pass""], ""path"": ""card_brand"", ""raw_field"": ""card_brand"", ""role"": ""card_brand"", ""schema_attribute"": ""card_brand"", ""semantic_family"": ""payment_card:brand"", ""value_shape_status"": ""PASS""}; {""canonical_srs_node"": ""created_at"", ""evidence"": [""schema_match"", ""constraint pass""], ""path"": ""created"", ""raw_field"": ""created"", ""role"": ""payment_intent_created_timestamp"", ""schema_attribute"": ""created"", ""semantic_family"": ""temporal:created_at"", ""value_shape_status"": ""PASS""}; {""canonical_srs_node"": ""payment_status"", ""evidence"": [""schema_match"", ""constraint pass""], ""path"": ""status"", ""raw_field"": ""status"", ""role"": ""payment_intent_lifecycle_status"", ""schema_attribute"": ""status"", ""semantic_family"": ""payment:status"", ""value_shape_status"": ""PASS""}","{""AANF"": ""PASS"", ""CMNF"": ""PASS"", ""DBNF"": ""PASS"", ""ECNF"": ""PASS"", ""PONF"": ""PASS"", ""RRNF"": ""PASS""}",,,payload_compliance,
Stripe,Stripe_payload_02.json,Stripe_PaymentIntent_v15,ALLOW,,,"{""canonical_srs_node"": ""payment_intent_identifier"", ""evidence"": [""schema_match"", ""constraint pass""], ""path"": ""payment_intent_id"", ""raw_field"": ""payment_intent_id"", ""role"": ""payment_intent_object_identifier"", ""schema_attribute"": ""payment_intent_id"", ""semantic_family"": ""identifier:payment_intent"", ""value_shape_status"": ""PASS""}; {""canonical_srs_node"": ""payment_amount"", ""evidence"": [""schema_match"", ""constraint pass""], ""path"": ""amount"", ""raw_field"": ""amount"", ""role"": ""payment_amount_minor_units"", ""schema_attribute"": ""amount"", ""semantic_family"": ""payment:amount"", ""value_shape_status"": ""PASS""}; {""canonical_srs_node"": ""payment_currency"", ""evidence"": [""schema_match"", ""constraint pass""], ""path"": ""currency"", ""raw_field"": ""currency"", ""role"": ""currency_code"", ""schema_attribute"": ""currency"", ""semantic_family"": ""payment:currency"", ""value_shape_status"": ""PASS""}; {""canonical_srs_node"": ""customer_identifier"", ""evidence"": [""schema_match"", ""constraint pass""], ""path"": ""customer_id"", ""raw_field"": ""customer_id"", ""role"": ""customer_object_identifier"", ""schema_attribute"": ""customer_id"", ""semantic_family"": ""identifier:customer"", ""value_shape_status"": ""PASS""}; {""canonical_srs_node"": ""payment_method"", ""evidence"": [""schema_match"", ""constraint pass""], ""path"": ""payment_method"", ""raw_field"": ""payment_method"", ""role"": ""payment_method_reference"", ""schema_attribute"": ""payment_method"", ""semantic_family"": ""payment:method"", ""value_shape_status"": ""PASS""}; {""canonical_srs_node"": ""card_last4"", ""evidence"": [""schema_match"", ""constraint pass""], ""path"": ""card_last4"", ""raw_field"": ""card_last4"", ""role"": ""card_summary"", ""schema_attribute"": ""card_last4"", ""semantic_family"": ""payment_card:last4"", ""value_shape_status"": ""PASS""}; {""canonical_srs_node"": ""card_brand"", ""evidence"": [""schema_match"", ""constraint pass""], ""path"": ""card_brand"", ""raw_field"": ""card_brand"", ""role"": ""card_brand"", ""schema_attribute"": ""card_brand"", ""semantic_family"": ""payment_card:brand"", ""value_shape_status"": ""PASS""}; {""canonical_srs_node"": ""created_at"", ""evidence"": [""schema_match"", ""constraint pass""], ""path"": ""created"", ""raw_field"": ""created"", ""role"": ""payment_intent_created_timestamp"", ""schema_attribute"": ""created"", ""semantic_family"": ""temporal:created_at"", ""value_shape_status"": ""PASS""}; {""canonical_srs_node"": ""payment_status"", ""evidence"": [""schema_match"", ""constraint pass""], ""path"": ""status"", ""raw_field"": ""status"", ""role"": ""payment_intent_lifecycle_status"", ""schema_attribute"": ""status"", ""semantic_family"": ""payment:status"", ""value_shape_status"": ""PASS""}","{""AANF"": ""PASS"", ""CMNF"": ""PASS"", ""DBNF"": ""PASS"", ""ECNF"": ""PASS"", ""PONF"": ""PASS"", ""RRNF"": ""PASS""}",,,payload_compliance,
Stripe,Stripe_payload_03.json,Stripe_PaymentIntent_v15,ALLOW,,,"{""canonical_srs_node"": ""payment_intent_identifier"", ""evidence"": [""schema_match"", ""constraint pass""], ""path"": ""payment_intent_id"", ""raw_field"": ""payment_intent_id"", ""role"": ""payment_intent_object_identifier"", ""schema_attribute"": ""payment_intent_id"", ""semantic_family"": ""identifier:payment_intent"", ""value_shape_status"": ""PASS""}; {""canonical_srs_node"": ""payment_amount"", ""evidence"": [""schema_match"", ""constraint pass""], ""path"": ""amount"", ""raw_field"": ""amount"", ""role"": ""payment_amount_minor_units"", ""schema_attribute"": ""amount"", ""semantic_family"": ""payment:amount"", ""value_shape_status"": ""PASS""}; {""canonical_srs_node"": ""payment_currency"", ""evidence"": [""schema_match"", ""constraint pass""], ""path"": ""currency"", ""raw_field"": ""currency"", ""role"": ""currency_code"", ""schema_attribute"": ""currency"", ""semantic_family"": ""payment:currency"", ""value_shape_status"": ""PASS""}; {""canonical_srs_node"": ""customer_identifier"", ""evidence"": [""schema_match"", ""constraint pass""], ""path"": ""customer_id"", ""raw_field"": ""customer_id"", ""role"": ""customer_object_identifier"", ""schema_attribute"": ""customer_id"", ""semantic_family"": ""identifier:customer"", ""value_shape_status"": ""PASS""}; {""canonical_srs_node"": ""payment_method"", ""evidence"": [""schema_match"", ""constraint pass""], ""path"": ""payment_method"", ""raw_field"": ""payment_method"", ""role"": ""payment_method_reference"", ""schema_attribute"": ""payment_method"", ""semantic_family"": ""payment:method"", ""value_shape_status"": ""PASS""}; {""canonical_srs_node"": ""card_last4"", ""evidence"": [""schema_match"", ""constraint pass""], ""path"": ""card_last4"", ""raw_field"": ""card_last4"", ""role"": ""card_summary"", ""schema_attribute"": ""card_last4"", ""semantic_family"": ""payment_card:last4"", ""value_shape_status"": ""PASS""}; {""canonical_srs_node"": ""card_brand"", ""evidence"": [""schema_match"", ""constraint pass""], ""path"": ""card_brand"", ""raw_field"": ""card_brand"", ""role"": ""card_brand"", ""schema_attribute"": ""card_brand"", ""semantic_family"": ""payment_card:brand"", ""value_shape_status"": ""PASS""}; {""canonical_srs_node"": ""created_at"", ""evidence"": [""schema_match"", ""constraint pass""], ""path"": ""created"", ""raw_field"": ""created"", ""role"": ""payment_intent_created_timestamp"", ""schema_attribute"": ""created"", ""semantic_family"": ""temporal:created_at"", ""value_shape_status"": ""PASS""}; {""canonical_srs_node"": ""payment_status"", ""evidence"": [""schema_match"", ""constraint pass""], ""path"": ""status"", ""raw_field"": ""status"", ""role"": ""payment_intent_lifecycle_status"", ""schema_attribute"": ""status"", ""semantic_family"": ""payment:status"", ""value_shape_status"": ""PASS""}","{""AANF"": ""PASS"", ""CMNF"": ""PASS"", ""DBNF"": ""PASS"", ""ECNF"": ""PASS"", ""PONF"": ""PASS"", ""RRNF"": ""PASS""}",,,payload_compliance,
Stripe,Stripe_payload_04.json,Stripe_PaymentIntent_v15,ALLOW,,,"{""canonical_srs_node"": ""payment_intent_identifier"", ""evidence"": [""schema_match"", ""constraint pass""], ""path"": ""payment_intent_id"", ""raw_field"": ""payment_intent_id"", ""role"": ""payment_intent_object_identifier"", ""schema_attribute"": ""payment_intent_id"", ""semantic_family"": ""identifier:payment_intent"", ""value_shape_status"": ""PASS""}; {""canonical_srs_node"": ""payment_amount"", ""evidence"": [""schema_match"", ""constraint pass""], ""path"": ""amount"", ""raw_field"": ""amount"", ""role"": ""payment_amount_minor_units"", ""schema_attribute"": ""amount"", ""semantic_family"": ""payment:amount"", ""value_shape_status"": ""PASS""}; {""canonical_srs_node"": ""payment_currency"", ""evidence"": [""schema_match"", ""constraint pass""], ""path"": ""currency"", ""raw_field"": ""currency"", ""role"": ""currency_code"", ""schema_attribute"": ""currency"", ""semantic_family"": ""payment:currency"", ""value_shape_status"": ""PASS""}; {""canonical_srs_node"": ""customer_identifier"", ""evidence"": [""schema_match"", ""constraint pass""], ""path"": ""customer_id"", ""raw_field"": ""customer_id"", ""role"": ""customer_object_identifier"", ""schema_attribute"": ""customer_id"", ""semantic_family"": ""identifier:customer"", ""value_shape_status"": ""PASS""}; {""canonical_srs_node"": ""payment_method"", ""evidence"": [""schema_match"", ""constraint pass""], ""path"": ""payment_method"", ""raw_field"": ""payment_method"", ""role"": ""payment_method_reference"", ""schema_attribute"": ""payment_method"", ""semantic_family"": ""payment:method"", ""value_shape_status"": ""PASS""}; {""canonical_srs_node"": ""card_last4"", ""evidence"": [""schema_match"", ""constraint pass""], ""path"": ""card_last4"", ""raw_field"": ""card_last4"", ""role"": ""card_summary"", ""schema_attribute"": ""card_last4"", ""semantic_family"": ""payment_card:last4"", ""value_shape_status"": ""PASS""}; {""canonical_srs_node"": ""card_brand"", ""evidence"": [""schema_match"", ""constraint pass""], ""path"": ""card_brand"", ""raw_field"": ""card_brand"", ""role"": ""card_brand"", ""schema_attribute"": ""card_brand"", ""semantic_family"": ""payment_card:brand"", ""value_shape_status"": ""PASS""}; {""canonical_srs_node"": ""created_at"", ""evidence"": [""schema_match"", ""constraint pass""], ""path"": ""created"", ""raw_field"": ""created"", ""role"": ""payment_intent_created_timestamp"", ""schema_attribute"": ""created"", ""semantic_family"": ""temporal:created_at"", ""value_shape_status"": ""PASS""}; {""canonical_srs_node"": ""payment_status"", ""evidence"": [""schema_match"", ""constraint pass""], ""path"": ""status"", ""raw_field"": ""status"", ""role"": ""payment_intent_lifecycle_status"", ""schema_attribute"": ""status"", ""semantic_family"": ""payment:status"", ""value_shape_status"": ""PASS""}","{""AANF"": ""PASS"", ""CMNF"": ""PASS"", ""DBNF"": ""PASS"", ""ECNF"": ""PASS"", ""PONF"": ""PASS"", ""RRNF"": ""PASS""}",,,payload_compliance,
Stripe,Stripe_payload_05.json,Stripe_PaymentIntent_v15,ALLOW,,,"{""canonical_srs_node"": ""payment_intent_identifier"", ""evidence"": [""schema_match"", ""constraint pass""], ""path"": ""payment_intent_id"", ""raw_field"": ""payment_intent_id"", ""role"": ""payment_intent_object_identifier"", ""schema_attribute"": ""payment_intent_id"", ""semantic_family"": ""identifier:payment_intent"", ""value_shape_status"": ""PASS""}; {""canonical_srs_node"": ""payment_amount"", ""evidence"": [""schema_match"", ""constraint pass""], ""path"": ""amount"", ""raw_field"": ""amount"", ""role"": ""payment_amount_minor_units"", ""schema_attribute"": ""amount"", ""semantic_family"": ""payment:amount"", ""value_shape_status"": ""PASS""}; {""canonical_srs_node"": ""payment_currency"", ""evidence"": [""schema_match"", ""constraint pass""], ""path"": ""currency"", ""raw_field"": ""currency"", ""role"": ""currency_code"", ""schema_attribute"": ""currency"", ""semantic_family"": ""payment:currency"", ""value_shape_status"": ""PASS""}; {""canonical_srs_node"": ""customer_identifier"", ""evidence"": [""schema_match"", ""constraint pass""], ""path"": ""customer_id"", ""raw_field"": ""customer_id"", ""role"": ""customer_object_identifier"", ""schema_attribute"": ""customer_id"", ""semantic_family"": ""identifier:customer"", ""value_shape_status"": ""PASS""}; {""canonical_srs_node"": ""payment_method"", ""evidence"": [""schema_match"", ""constraint pass""], ""path"": ""payment_method"", ""raw_field"": ""payment_method"", ""role"": ""payment_method_reference"", ""schema_attribute"": ""payment_method"", ""semantic_family"": ""payment:method"", ""value_shape_status"": ""PASS""}; {""canonical_srs_node"": ""card_last4"", ""evidence"": [""schema_match"", ""constraint pass""], ""path"": ""card_last4"", ""raw_field"": ""card_last4"", ""role"": ""card_summary"", ""schema_attribute"": ""card_last4"", ""semantic_family"": ""payment_card:last4"", ""value_shape_status"": ""PASS""}; {""canonical_srs_node"": ""card_brand"", ""evidence"": [""schema_match"", ""constraint pass""], ""path"": ""card_brand"", ""raw_field"": ""card_brand"", ""role"": ""card_brand"", ""schema_attribute"": ""card_brand"", ""semantic_family"": ""payment_card:brand"", ""value_shape_status"": ""PASS""}; {""canonical_srs_node"": ""created_at"", ""evidence"": [""schema_match"", ""constraint pass""], ""path"": ""created"", ""raw_field"": ""created"", ""role"": ""payment_intent_created_timestamp"", ""schema_attribute"": ""created"", ""semantic_family"": ""temporal:created_at"", ""value_shape_status"": ""PASS""}; {""canonical_srs_node"": ""payment_status"", ""evidence"": [""schema_match"", ""constraint pass""], ""path"": ""status"", ""raw_field"": ""status"", ""role"": ""payment_intent_lifecycle_status"", ""schema_attribute"": ""status"", ""semantic_family"": ""payment:status"", ""value_shape_status"": ""PASS""}","{""AANF"": ""PASS"", ""CMNF"": ""PASS"", ""DBNF"": ""PASS"", ""ECNF"": ""PASS"", ""PONF"": ""PASS"", ""RRNF"": ""PASS""}",,,payload_compliance,
Stripe,Stripe_payload_06.json,Stripe_PaymentIntent_v15,ALLOW,,,"{""canonical_srs_node"": ""payment_intent_identifier"", ""evidence"": [""schema_match"", ""constraint pass""], ""path"": ""payment_intent_id"", ""raw_field"": ""payment_intent_id"", ""role"": ""payment_intent_object_identifier"", ""schema_attribute"": ""payment_intent_id"", ""semantic_family"": ""identifier:payment_intent"", ""value_shape_status"": ""PASS""}; {""canonical_srs_node"": ""payment_amount"", ""evidence"": [""schema_match"", ""constraint pass""], ""path"": ""amount"", ""raw_field"": ""amount"", ""role"": ""payment_amount_minor_units"", ""schema_attribute"": ""amount"", ""semantic_family"": ""payment:amount"", ""value_shape_status"": ""PASS""}; {""canonical_srs_node"": ""payment_currency"", ""evidence"": [""schema_match"", ""constraint pass""], ""path"": ""currency"", ""raw_field"": ""currency"", ""role"": ""currency_code"", ""schema_attribute"": ""currency"", ""semantic_family"": ""payment:currency"", ""value_shape_status"": ""PASS""}; {""canonical_srs_node"": ""customer_identifier"", ""evidence"": [""schema_match"", ""constraint pass""], ""path"": ""customer_id"", ""raw_field"": ""customer_id"", ""role"": ""customer_object_identifier"", ""schema_attribute"": ""customer_id"", ""semantic_family"": ""identifier:customer"", ""value_shape_status"": ""PASS""}; {""canonical_srs_node"": ""payment_method"", ""evidence"": [""schema_match"", ""constraint pass""], ""path"": ""payment_method"", ""raw_field"": ""payment_method"", ""role"": ""payment_method_reference"", ""schema_attribute"": ""payment_method"", ""semantic_family"": ""payment:method"", ""value_shape_status"": ""PASS""}; {""canonical_srs_node"": ""card_last4"", ""evidence"": [""schema_match"", ""constraint pass""], ""path"": ""card_last4"", ""raw_field"": ""card_last4"", ""role"": ""card_summary"", ""schema_attribute"": ""card_last4"", ""semantic_family"": ""payment_card:last4"", ""value_shape_status"": ""PASS""}; {""canonical_srs_node"": ""card_brand"", ""evidence"": [""schema_match"", ""constraint pass""], ""path"": ""card_brand"", ""raw_field"": ""card_brand"", ""role"": ""card_brand"", ""schema_attribute"": ""card_brand"", ""semantic_family"": ""payment_card:brand"", ""value_shape_status"": ""PASS""}; {""canonical_srs_node"": ""created_at"", ""evidence"": [""schema_match"", ""constraint pass""], ""path"": ""created"", ""raw_field"": ""created"", ""role"": ""payment_intent_created_timestamp"", ""schema_attribute"": ""created"", ""semantic_family"": ""temporal:created_at"", ""value_shape_status"": ""PASS""}; {""canonical_srs_node"": ""payment_status"", ""evidence"": [""schema_match"", ""constraint pass""], ""path"": ""status"", ""raw_field"": ""status"", ""role"": ""payment_intent_lifecycle_status"", ""schema_attribute"": ""status"", ""semantic_family"": ""payment:status"", ""value_shape_status"": ""PASS""}","{""AANF"": ""PASS"", ""CMNF"": ""PASS"", ""DBNF"": ""PASS"", ""ECNF"": ""PASS"", ""PONF"": ""PASS"", ""RRNF"": ""PASS""}",,,payload_compliance,
Stripe,Stripe_payload_07.json,Stripe_PaymentIntent_v15,ALLOW,,,"{""canonical_srs_node"": ""payment_intent_identifier"", ""evidence"": [""schema_match"", ""constraint pass""], ""path"": ""payment_intent_id"", ""raw_field"": ""payment_intent_id"", ""role"": ""payment_intent_object_identifier"", ""schema_attribute"": ""payment_intent_id"", ""semantic_family"": ""identifier:payment_intent"", ""value_shape_status"": ""PASS""}; {""canonical_srs_node"": ""payment_amount"", ""evidence"": [""schema_match"", ""constraint pass""], ""path"": ""amount"", ""raw_field"": ""amount"", ""role"": ""payment_amount_minor_units"", ""schema_attribute"": ""amount"", ""semantic_family"": ""payment:amount"", ""value_shape_status"": ""PASS""}; {""canonical_srs_node"": ""payment_currency"", ""evidence"": [""schema_match"", ""constraint pass""], ""path"": ""currency"", ""raw_field"": ""currency"", ""role"": ""currency_code"", ""schema_attribute"": ""currency"", ""semantic_family"": ""payment:currency"", ""value_shape_status"": ""PASS""}; {""canonical_srs_node"": ""customer_identifier"", ""evidence"": [""schema_match"", ""constraint pass""], ""path"": ""customer_id"", ""raw_field"": ""customer_id"", ""role"": ""customer_object_identifier"", ""schema_attribute"": ""customer_id"", ""semantic_family"": ""identifier:customer"", ""value_shape_status"": ""PASS""}; {""canonical_srs_node"": ""payment_method"", ""evidence"": [""schema_match"", ""constraint pass""], ""path"": ""payment_method"", ""raw_field"": ""payment_method"", ""role"": ""payment_method_reference"", ""schema_attribute"": ""payment_method"", ""semantic_family"": ""payment:method"", ""value_shape_status"": ""PASS""}; {""canonical_srs_node"": ""card_last4"", ""evidence"": [""schema_match"", ""constraint pass""], ""path"": ""card_last4"", ""raw_field"": ""card_last4"", ""role"": ""card_summary"", ""schema_attribute"": ""card_last4"", ""semantic_family"": ""payment_card:last4"", ""value_shape_status"": ""PASS""}; {""canonical_srs_node"": ""card_brand"", ""evidence"": [""schema_match"", ""constraint pass""], ""path"": ""card_brand"", ""raw_field"": ""card_brand"", ""role"": ""card_brand"", ""schema_attribute"": ""card_brand"", ""semantic_family"": ""payment_card:brand"", ""value_shape_status"": ""PASS""}; {""canonical_srs_node"": ""created_at"", ""evidence"": [""schema_match"", ""constraint pass""], ""path"": ""created"", ""raw_field"": ""created"", ""role"": ""payment_intent_created_timestamp"", ""schema_attribute"": ""created"", ""semantic_family"": ""temporal:created_at"", ""value_shape_status"": ""PASS""}; {""canonical_srs_node"": ""payment_status"", ""evidence"": [""schema_match"", ""constraint pass""], ""path"": ""status"", ""raw_field"": ""status"", ""role"": ""payment_intent_lifecycle_status"", ""schema_attribute"": ""status"", ""semantic_family"": ""payment:status"", ""value_shape_status"": ""PASS""}","{""AANF"": ""PASS"", ""CMNF"": ""PASS"", ""DBNF"": ""PASS"", ""ECNF"": ""PASS"", ""PONF"": ""PASS"", ""RRNF"": ""PASS""}",,,payload_compliance,
Stripe,Stripe_payload_08.json,Stripe_PaymentIntent_v15,ALLOW,,,"{""canonical_srs_node"": ""payment_intent_identifier"", ""evidence"": [""schema_match"", ""constraint pass""], ""path"": ""payment_intent_id"", ""raw_field"": ""payment_intent_id"", ""role"": ""payment_intent_object_identifier"", ""schema_attribute"": ""payment_intent_id"", ""semantic_family"": ""identifier:payment_intent"", ""value_shape_status"": ""PASS""}; {""canonical_srs_node"": ""payment_amount"", ""evidence"": [""schema_match"", ""constraint pass""], ""path"": ""amount"", ""raw_field"": ""amount"", ""role"": ""payment_amount_minor_units"", ""schema_attribute"": ""amount"", ""semantic_family"": ""payment:amount"", ""value_shape_status"": ""PASS""}; {""canonical_srs_node"": ""payment_currency"", ""evidence"": [""schema_match"", ""constraint pass""], ""path"": ""currency"", ""raw_field"": ""currency"", ""role"": ""currency_code"", ""schema_attribute"": ""currency"", ""semantic_family"": ""payment:currency"", ""value_shape_status"": ""PASS""}; {""canonical_srs_node"": ""customer_identifier"", ""evidence"": [""schema_match"", ""constraint pass""], ""path"": ""customer_id"", ""raw_field"": ""customer_id"", ""role"": ""customer_object_identifier"", ""schema_attribute"": ""customer_id"", ""semantic_family"": ""identifier:customer"", ""value_shape_status"": ""PASS""}; {""canonical_srs_node"": ""payment_method"", ""evidence"": [""schema_match"", ""constraint pass""], ""path"": ""payment_method"", ""raw_field"": ""payment_method"", ""role"": ""payment_method_reference"", ""schema_attribute"": ""payment_method"", ""semantic_family"": ""payment:method"", ""value_shape_status"": ""PASS""}; {""canonical_srs_node"": ""card_last4"", ""evidence"": [""schema_match"", ""constraint pass""], ""path"": ""card_last4"", ""raw_field"": ""card_last4"", ""role"": ""card_summary"", ""schema_attribute"": ""card_last4"", ""semantic_family"": ""payment_card:last4"", ""value_shape_status"": ""PASS""}; {""canonical_srs_node"": ""card_brand"", ""evidence"": [""schema_match"", ""constraint pass""], ""path"": ""card_brand"", ""raw_field"": ""card_brand"", ""role"": ""card_brand"", ""schema_attribute"": ""card_brand"", ""semantic_family"": ""payment_card:brand"", ""value_shape_status"": ""PASS""}; {""canonical_srs_node"": ""created_at"", ""evidence"": [""schema_match"", ""constraint pass""], ""path"": ""created"", ""raw_field"": ""created"", ""role"": ""payment_intent_created_timestamp"", ""schema_attribute"": ""created"", ""semantic_family"": ""temporal:created_at"", ""value_shape_status"": ""PASS""}; {""canonical_srs_node"": ""payment_status"", ""evidence"": [""schema_match"", ""constraint pass""], ""path"": ""status"", ""raw_field"": ""status"", ""role"": ""payment_intent_lifecycle_status"", ""schema_attribute"": ""status"", ""semantic_family"": ""payment:status"", ""value_shape_status"": ""PASS""}","{""AANF"": ""PASS"", ""CMNF"": ""PASS"", ""DBNF"": ""PASS"", ""ECNF"": ""PASS"", ""PONF"": ""PASS"", ""RRNF"": ""PASS""}",,,payload_compliance,
UPI,UPI_payload_01.json,NPCI_UPI_ReqPay_Inferred_v15,ALLOW,,,"{""canonical_srs_node"": ""virtual_payment_address"", ""evidence"": [""schema_match"", ""constraint pass""], ""path"": ""vpa"", ""raw_field"": ""vpa"", ""role"": ""generic_vpa"", ""schema_attribute"": ""vpa"", ""semantic_family"": ""upi:vpa"", ""value_shape_status"": ""PASS""}; {""canonical_srs_node"": ""payer_account"", ""evidence"": [""schema_match"", ""constraint pass""], ""path"": ""payer_account"", ""raw_field"": ""payer_account"", ""role"": ""payer_account"", ""schema_attribute"": ""payer_account"", ""semantic_family"": ""payment_account:payer_account"", ""value_shape_status"": ""PASS""}; {""canonical_srs_node"": ""payee_virtual_payment_address"", ""evidence"": [""schema_match"", ""constraint pass""], ""path"": ""payee_vpa"", ""raw_field"": ""payee_vpa"", ""role"": ""payee"", ""schema_attribute"": ""payee_vpa"", ""semantic_family"": ""upi:payee_vpa"", ""value_shape_status"": ""PASS""}; {""canonical_srs_node"": ""transaction_identifier"", ""evidence"": [""schema_match"", ""constraint pass""], ""path"": ""txn_id"", ""raw_field"": ""txn_id"", ""role"": ""upi_transaction_identifier"", ""schema_attribute"": ""txn_id"", ""semantic_family"": ""identifier:upi_transaction"", ""value_shape_status"": ""PASS""}; {""canonical_srs_node"": ""payment_amount"", ""evidence"": [""schema_match"", ""constraint pass""], ""path"": ""txn_amount"", ""raw_field"": ""txn_amount"", ""role"": ""transaction_amount"", ""schema_attribute"": ""txn_amount"", ""semantic_family"": ""payment:amount"", ""value_shape_status"": ""PASS""}; {""canonical_srs_node"": ""payment_currency"", ""evidence"": [""schema_match"", ""constraint pass""], ""path"": ""currency"", ""raw_field"": ""currency"", ""role"": ""currency_code"", ""schema_attribute"": ""currency"", ""semantic_family"": ""payment:currency"", ""value_shape_status"": ""PASS""}; {""canonical_srs_node"": ""transaction_timestamp"", ""evidence"": [""schema_match"", ""constraint pass""], ""path"": ""txn_timestamp"", ""raw_field"": ""txn_timestamp"", ""role"": ""transaction_timestamp"", ""schema_attribute"": ""txn_timestamp"", ""semantic_family"": ""temporal:transaction_timestamp"", ""value_shape_status"": ""PASS""}; {""canonical_srs_node"": ""payment_status"", ""evidence"": [""schema_match"", ""constraint pass""], ""path"": ""txn_status"", ""raw_field"": ""txn_status"", ""role"": ""transaction_status"", ""schema_attribute"": ""txn_status"", ""semantic_family"": ""payment:status"", ""value_shape_status"": ""PASS""}","{""AANF"": ""PASS"", ""CMNF"": ""PASS"", ""DBNF"": ""PASS"", ""ECNF"": ""PASS"", ""PONF"": ""PASS"", ""RRNF"": ""PASS""}",,,payload_compliance,
UPI,UPI_payload_02.json,NPCI_UPI_ReqPay_Inferred_v15,ALLOW,,,"{""canonical_srs_node"": ""virtual_payment_address"", ""evidence"": [""schema_match"", ""constraint pass""], ""path"": ""vpa"", ""raw_field"": ""vpa"", ""role"": ""generic_vpa"", ""schema_attribute"": ""vpa"", ""semantic_family"": ""upi:vpa"", ""value_shape_status"": ""PASS""}; {""canonical_srs_node"": ""payer_account"", ""evidence"": [""schema_match"", ""constraint pass""], ""path"": ""payer_account"", ""raw_field"": ""payer_account"", ""role"": ""payer_account"", ""schema_attribute"": ""payer_account"", ""semantic_family"": ""payment_account:payer_account"", ""value_shape_status"": ""PASS""}; {""canonical_srs_node"": ""payee_virtual_payment_address"", ""evidence"": [""schema_match"", ""constraint pass""], ""path"": ""payee_vpa"", ""raw_field"": ""payee_vpa"", ""role"": ""payee"", ""schema_attribute"": ""payee_vpa"", ""semantic_family"": ""upi:payee_vpa"", ""value_shape_status"": ""PASS""}; {""canonical_srs_node"": ""transaction_identifier"", ""evidence"": [""schema_match"", ""constraint pass""], ""path"": ""txn_id"", ""raw_field"": ""txn_id"", ""role"": ""upi_transaction_identifier"", ""schema_attribute"": ""txn_id"", ""semantic_family"": ""identifier:upi_transaction"", ""value_shape_status"": ""PASS""}; {""canonical_srs_node"": ""payment_amount"", ""evidence"": [""schema_match"", ""constraint pass""], ""path"": ""txn_amount"", ""raw_field"": ""txn_amount"", ""role"": ""transaction_amount"", ""schema_attribute"": ""txn_amount"", ""semantic_family"": ""payment:amount"", ""value_shape_status"": ""PASS""}; {""canonical_srs_node"": ""payment_currency"", ""evidence"": [""schema_match"", ""constraint pass""], ""path"": ""currency"", ""raw_field"": ""currency"", ""role"": ""currency_code"", ""schema_attribute"": ""currency"", ""semantic_family"": ""payment:currency"", ""value_shape_status"": ""PASS""}; {""canonical_srs_node"": ""transaction_timestamp"", ""evidence"": [""schema_match"", ""constraint pass""], ""path"": ""txn_timestamp"", ""raw_field"": ""txn_timestamp"", ""role"": ""transaction_timestamp"", ""schema_attribute"": ""txn_timestamp"", ""semantic_family"": ""temporal:transaction_timestamp"", ""value_shape_status"": ""PASS""}; {""canonical_srs_node"": ""payment_status"", ""evidence"": [""schema_match"", ""constraint pass""], ""path"": ""txn_status"", ""raw_field"": ""txn_status"", ""role"": ""transaction_status"", ""schema_attribute"": ""txn_status"", ""semantic_family"": ""payment:status"", ""value_shape_status"": ""PASS""}","{""AANF"": ""PASS"", ""CMNF"": ""PASS"", ""DBNF"": ""PASS"", ""ECNF"": ""PASS"", ""PONF"": ""PASS"", ""RRNF"": ""PASS""}",,,payload_compliance,
UPI,UPI_payload_03.json,NPCI_UPI_ReqPay_Inferred_v15,ALLOW,,,"{""canonical_srs_node"": ""virtual_payment_address"", ""evidence"": [""schema_match"", ""constraint pass""], ""path"": ""vpa"", ""raw_field"": ""vpa"", ""role"": ""generic_vpa"", ""schema_attribute"": ""vpa"", ""semantic_family"": ""upi:vpa"", ""value_shape_status"": ""PASS""}; {""canonical_srs_node"": ""payer_account"", ""evidence"": [""schema_match"", ""constraint pass""], ""path"": ""payer_account"", ""raw_field"": ""payer_account"", ""role"": ""payer_account"", ""schema_attribute"": ""payer_account"", ""semantic_family"": ""payment_account:payer_account"", ""value_shape_status"": ""PASS""}; {""canonical_srs_node"": ""payee_virtual_payment_address"", ""evidence"": [""schema_match"", ""constraint pass""], ""path"": ""payee_vpa"", ""raw_field"": ""payee_vpa"", ""role"": ""payee"", ""schema_attribute"": ""payee_vpa"", ""semantic_family"": ""upi:payee_vpa"", ""value_shape_status"": ""PASS""}; {""canonical_srs_node"": ""transaction_identifier"", ""evidence"": [""schema_match"", ""constraint pass""], ""path"": ""txn_id"", ""raw_field"": ""txn_id"", ""role"": ""upi_transaction_identifier"", ""schema_attribute"": ""txn_id"", ""semantic_family"": ""identifier:upi_transaction"", ""value_shape_status"": ""PASS""}; {""canonical_srs_node"": ""payment_amount"", ""evidence"": [""schema_match"", ""constraint pass""], ""path"": ""txn_amount"", ""raw_field"": ""txn_amount"", ""role"": ""transaction_amount"", ""schema_attribute"": ""txn_amount"", ""semantic_family"": ""payment:amount"", ""value_shape_status"": ""PASS""}; {""canonical_srs_node"": ""payment_currency"", ""evidence"": [""schema_match"", ""constraint pass""], ""path"": ""currency"", ""raw_field"": ""currency"", ""role"": ""currency_code"", ""schema_attribute"": ""currency"", ""semantic_family"": ""payment:currency"", ""value_shape_status"": ""PASS""}; {""canonical_srs_node"": ""transaction_timestamp"", ""evidence"": [""schema_match"", ""constraint pass""], ""path"": ""txn_timestamp"", ""raw_field"": ""txn_timestamp"", ""role"": ""transaction_timestamp"", ""schema_attribute"": ""txn_timestamp"", ""semantic_family"": ""temporal:transaction_timestamp"", ""value_shape_status"": ""PASS""}; {""canonical_srs_node"": ""payment_status"", ""evidence"": [""schema_match"", ""constraint pass""], ""path"": ""txn_status"", ""raw_field"": ""txn_status"", ""role"": ""transaction_status"", ""schema_attribute"": ""txn_status"", ""semantic_family"": ""payment:status"", ""value_shape_status"": ""PASS""}","{""AANF"": ""PASS"", ""CMNF"": ""PASS"", ""DBNF"": ""PASS"", ""ECNF"": ""PASS"", ""PONF"": ""PASS"", ""RRNF"": ""PASS""}",,,payload_compliance,
UPI,UPI_payload_04.json,NPCI_UPI_ReqPay_Inferred_v15,ALLOW,,,"{""canonical_srs_node"": ""virtual_payment_address"", ""evidence"": [""schema_match"", ""constraint pass""], ""path"": ""vpa"", ""raw_field"": ""vpa"", ""role"": ""generic_vpa"", ""schema_attribute"": ""vpa"", ""semantic_family"": ""upi:vpa"", ""value_shape_status"": ""PASS""}; {""canonical_srs_node"": ""payer_account"", ""evidence"": [""schema_match"", ""constraint pass""], ""path"": ""payer_account"", ""raw_field"": ""payer_account"", ""role"": ""payer_account"", ""schema_attribute"": ""payer_account"", ""semantic_family"": ""payment_account:payer_account"", ""value_shape_status"": ""PASS""}; {""canonical_srs_node"": ""payee_virtual_payment_address"", ""evidence"": [""schema_match"", ""constraint pass""], ""path"": ""payee_vpa"", ""raw_field"": ""payee_vpa"", ""role"": ""payee"", ""schema_attribute"": ""payee_vpa"", ""semantic_family"": ""upi:payee_vpa"", ""value_shape_status"": ""PASS""}; {""canonical_srs_node"": ""transaction_identifier"", ""evidence"": [""schema_match"", ""constraint pass""], ""path"": ""txn_id"", ""raw_field"": ""txn_id"", ""role"": ""upi_transaction_identifier"", ""schema_attribute"": ""txn_id"", ""semantic_family"": ""identifier:upi_transaction"", ""value_shape_status"": ""PASS""}; {""canonical_srs_node"": ""payment_amount"", ""evidence"": [""schema_match"", ""constraint pass""], ""path"": ""txn_amount"", ""raw_field"": ""txn_amount"", ""role"": ""transaction_amount"", ""schema_attribute"": ""txn_amount"", ""semantic_family"": ""payment:amount"", ""value_shape_status"": ""PASS""}; {""canonical_srs_node"": ""payment_currency"", ""evidence"": [""schema_match"", ""constraint pass""], ""path"": ""currency"", ""raw_field"": ""currency"", ""role"": ""currency_code"", ""schema_attribute"": ""currency"", ""semantic_family"": ""payment:currency"", ""value_shape_status"": ""PASS""}; {""canonical_srs_node"": ""transaction_timestamp"", ""evidence"": [""schema_match"", ""constraint pass""], ""path"": ""txn_timestamp"", ""raw_field"": ""txn_timestamp"", ""role"": ""transaction_timestamp"", ""schema_attribute"": ""txn_timestamp"", ""semantic_family"": ""temporal:transaction_timestamp"", ""value_shape_status"": ""PASS""}; {""canonical_srs_node"": ""payment_status"", ""evidence"": [""schema_match"", ""constraint pass""], ""path"": ""txn_status"", ""raw_field"": ""txn_status"", ""role"": ""transaction_status"", ""schema_attribute"": ""txn_status"", ""semantic_family"": ""payment:status"", ""value_shape_status"": ""PASS""}","{""AANF"": ""PASS"", ""CMNF"": ""PASS"", ""DBNF"": ""PASS"", ""ECNF"": ""PASS"", ""PONF"": ""PASS"", ""RRNF"": ""PASS""}",,,payload_compliance,
UPI,UPI_payload_05.json,NPCI_UPI_ReqPay_Inferred_v15,ALLOW,,,"{""canonical_srs_node"": ""virtual_payment_address"", ""evidence"": [""schema_match"", ""constraint pass""], ""path"": ""vpa"", ""raw_field"": ""vpa"", ""role"": ""generic_vpa"", ""schema_attribute"": ""vpa"", ""semantic_family"": ""upi:vpa"", ""value_shape_status"": ""PASS""}; {""canonical_srs_node"": ""payer_account"", ""evidence"": [""schema_match"", ""constraint pass""], ""path"": ""payer_account"", ""raw_field"": ""payer_account"", ""role"": ""payer_account"", ""schema_attribute"": ""payer_account"", ""semantic_family"": ""payment_account:payer_account"", ""value_shape_status"": ""PASS""}; {""canonical_srs_node"": ""payee_virtual_payment_address"", ""evidence"": [""schema_match"", ""constraint pass""], ""path"": ""payee_vpa"", ""raw_field"": ""payee_vpa"", ""role"": ""payee"", ""schema_attribute"": ""payee_vpa"", ""semantic_family"": ""upi:payee_vpa"", ""value_shape_status"": ""PASS""}; {""canonical_srs_node"": ""transaction_identifier"", ""evidence"": [""schema_match"", ""constraint pass""], ""path"": ""txn_id"", ""raw_field"": ""txn_id"", ""role"": ""upi_transaction_identifier"", ""schema_attribute"": ""txn_id"", ""semantic_family"": ""identifier:upi_transaction"", ""value_shape_status"": ""PASS""}; {""canonical_srs_node"": ""payment_amount"", ""evidence"": [""schema_match"", ""constraint pass""], ""path"": ""txn_amount"", ""raw_field"": ""txn_amount"", ""role"": ""transaction_amount"", ""schema_attribute"": ""txn_amount"", ""semantic_family"": ""payment:amount"", ""value_shape_status"": ""PASS""}; {""canonical_srs_node"": ""payment_currency"", ""evidence"": [""schema_match"", ""constraint pass""], ""path"": ""currency"", ""raw_field"": ""currency"", ""role"": ""currency_code"", ""schema_attribute"": ""currency"", ""semantic_family"": ""payment:currency"", ""value_shape_status"": ""PASS""}; {""canonical_srs_node"": ""transaction_timestamp"", ""evidence"": [""schema_match"", ""constraint pass""], ""path"": ""txn_timestamp"", ""raw_field"": ""txn_timestamp"", ""role"": ""transaction_timestamp"", ""schema_attribute"": ""txn_timestamp"", ""semantic_family"": ""temporal:transaction_timestamp"", ""value_shape_status"": ""PASS""}; {""canonical_srs_node"": ""payment_status"", ""evidence"": [""schema_match"", ""constraint pass""], ""path"": ""txn_status"", ""raw_field"": ""txn_status"", ""role"": ""transaction_status"", ""schema_attribute"": ""txn_status"", ""semantic_family"": ""payment:status"", ""value_shape_status"": ""PASS""}","{""AANF"": ""PASS"", ""CMNF"": ""PASS"", ""DBNF"": ""PASS"", ""ECNF"": ""PASS"", ""PONF"": ""PASS"", ""RRNF"": ""PASS""}",,,payload_compliance,
UPI,UPI_payload_06.json,NPCI_UPI_ReqPay_Inferred_v15,ALLOW,,,"{""canonical_srs_node"": ""virtual_payment_address"", ""evidence"": [""schema_match"", ""constraint pass""], ""path"": ""vpa"", ""raw_field"": ""vpa"", ""role"": ""generic_vpa"", ""schema_attribute"": ""vpa"", ""semantic_family"": ""upi:vpa"", ""value_shape_status"": ""PASS""}; {""canonical_srs_node"": ""payer_account"", ""evidence"": [""schema_match"", ""constraint pass""], ""path"": ""payer_account"", ""raw_field"": ""payer_account"", ""role"": ""payer_account"", ""schema_attribute"": ""payer_account"", ""semantic_family"": ""payment_account:payer_account"", ""value_shape_status"": ""PASS""}; {""canonical_srs_node"": ""payee_virtual_payment_address"", ""evidence"": [""schema_match"", ""constraint pass""], ""path"": ""payee_vpa"", ""raw_field"": ""payee_vpa"", ""role"": ""payee"", ""schema_attribute"": ""payee_vpa"", ""semantic_family"": ""upi:payee_vpa"", ""value_shape_status"": ""PASS""}; {""canonical_srs_node"": ""transaction_identifier"", ""evidence"": [""schema_match"", ""constraint pass""], ""path"": ""txn_id"", ""raw_field"": ""txn_id"", ""role"": ""upi_transaction_identifier"", ""schema_attribute"": ""txn_id"", ""semantic_family"": ""identifier:upi_transaction"", ""value_shape_status"": ""PASS""}; {""canonical_srs_node"": ""payment_amount"", ""evidence"": [""schema_match"", ""constraint pass""], ""path"": ""txn_amount"", ""raw_field"": ""txn_amount"", ""role"": ""transaction_amount"", ""schema_attribute"": ""txn_amount"", ""semantic_family"": ""payment:amount"", ""value_shape_status"": ""PASS""}; {""canonical_srs_node"": ""payment_currency"", ""evidence"": [""schema_match"", ""constraint pass""], ""path"": ""currency"", ""raw_field"": ""currency"", ""role"": ""currency_code"", ""schema_attribute"": ""currency"", ""semantic_family"": ""payment:currency"", ""value_shape_status"": ""PASS""}; {""canonical_srs_node"": ""transaction_timestamp"", ""evidence"": [""schema_match"", ""constraint pass""], ""path"": ""txn_timestamp"", ""raw_field"": ""txn_timestamp"", ""role"": ""transaction_timestamp"", ""schema_attribute"": ""txn_timestamp"", ""semantic_family"": ""temporal:transaction_timestamp"", ""value_shape_status"": ""PASS""}; {""canonical_srs_node"": ""payment_status"", ""evidence"": [""schema_match"", ""constraint pass""], ""path"": ""txn_status"", ""raw_field"": ""txn_status"", ""role"": ""transaction_status"", ""schema_attribute"": ""txn_status"", ""semantic_family"": ""payment:status"", ""value_shape_status"": ""PASS""}","{""AANF"": ""PASS"", ""CMNF"": ""PASS"", ""DBNF"": ""PASS"", ""ECNF"": ""PASS"", ""PONF"": ""PASS"", ""RRNF"": ""PASS""}",,,payload_compliance,
UPI,UPI_payload_07.json,NPCI_UPI_ReqPay_Inferred_v15,ALLOW,,,"{""canonical_srs_node"": ""virtual_payment_address"", ""evidence"": [""schema_match"", ""constraint pass""], ""path"": ""vpa"", ""raw_field"": ""vpa"", ""role"": ""generic_vpa"", ""schema_attribute"": ""vpa"", ""semantic_family"": ""upi:vpa"", ""value_shape_status"": ""PASS""}; {""canonical_srs_node"": ""payer_account"", ""evidence"": [""schema_match"", ""constraint pass""], ""path"": ""payer_account"", ""raw_field"": ""payer_account"", ""role"": ""payer_account"", ""schema_attribute"": ""payer_account"", ""semantic_family"": ""payment_account:payer_account"", ""value_shape_status"": ""PASS""}; {""canonical_srs_node"": ""payee_virtual_payment_address"", ""evidence"": [""schema_match"", ""constraint pass""], ""path"": ""payee_vpa"", ""raw_field"": ""payee_vpa"", ""role"": ""payee"", ""schema_attribute"": ""payee_vpa"", ""semantic_family"": ""upi:payee_vpa"", ""value_shape_status"": ""PASS""}; {""canonical_srs_node"": ""transaction_identifier"", ""evidence"": [""schema_match"", ""constraint pass""], ""path"": ""txn_id"", ""raw_field"": ""txn_id"", ""role"": ""upi_transaction_identifier"", ""schema_attribute"": ""txn_id"", ""semantic_family"": ""identifier:upi_transaction"", ""value_shape_status"": ""PASS""}; {""canonical_srs_node"": ""payment_amount"", ""evidence"": [""schema_match"", ""constraint pass""], ""path"": ""txn_amount"", ""raw_field"": ""txn_amount"", ""role"": ""transaction_amount"", ""schema_attribute"": ""txn_amount"", ""semantic_family"": ""payment:amount"", ""value_shape_status"": ""PASS""}; {""canonical_srs_node"": ""payment_currency"", ""evidence"": [""schema_match"", ""constraint pass""], ""path"": ""currency"", ""raw_field"": ""currency"", ""role"": ""currency_code"", ""schema_attribute"": ""currency"", ""semantic_family"": ""payment:currency"", ""value_shape_status"": ""PASS""}; {""canonical_srs_node"": ""transaction_timestamp"", ""evidence"": [""schema_match"", ""constraint pass""], ""path"": ""txn_timestamp"", ""raw_field"": ""txn_timestamp"", ""role"": ""transaction_timestamp"", ""schema_attribute"": ""txn_timestamp"", ""semantic_family"": ""temporal:transaction_timestamp"", ""value_shape_status"": ""PASS""}; {""canonical_srs_node"": ""payment_status"", ""evidence"": [""schema_match"", ""constraint pass""], ""path"": ""txn_status"", ""raw_field"": ""txn_status"", ""role"": ""transaction_status"", ""schema_attribute"": ""txn_status"", ""semantic_family"": ""payment:status"", ""value_shape_status"": ""PASS""}","{""AANF"": ""PASS"", ""CMNF"": ""PASS"", ""DBNF"": ""PASS"", ""ECNF"": ""PASS"", ""PONF"": ""PASS"", ""RRNF"": ""PASS""}",,,payload_compliance,
UPI,UPI_payload_08.json,NPCI_UPI_ReqPay_Inferred_v15,ALLOW,,,"{""canonical_srs_node"": ""virtual_payment_address"", ""evidence"": [""schema_match"", ""constraint pass""], ""path"": ""vpa"", ""raw_field"": ""vpa"", ""role"": ""generic_vpa"", ""schema_attribute"": ""vpa"", ""semantic_family"": ""upi:vpa"", ""value_shape_status"": ""PASS""}; {""canonical_srs_node"": ""payer_account"", ""evidence"": [""schema_match"", ""constraint pass""], ""path"": ""payer_account"", ""raw_field"": ""payer_account"", ""role"": ""payer_account"", ""schema_attribute"": ""payer_account"", ""semantic_family"": ""payment_account:payer_account"", ""value_shape_status"": ""PASS""}; {""canonical_srs_node"": ""payee_virtual_payment_address"", ""evidence"": [""schema_match"", ""constraint pass""], ""path"": ""payee_vpa"", ""raw_field"": ""payee_vpa"", ""role"": ""payee"", ""schema_attribute"": ""payee_vpa"", ""semantic_family"": ""upi:payee_vpa"", ""value_shape_status"": ""PASS""}; {""canonical_srs_node"": ""transaction_identifier"", ""evidence"": [""schema_match"", ""constraint pass""], ""path"": ""txn_id"", ""raw_field"": ""txn_id"", ""role"": ""upi_transaction_identifier"", ""schema_attribute"": ""txn_id"", ""semantic_family"": ""identifier:upi_transaction"", ""value_shape_status"": ""PASS""}; {""canonical_srs_node"": ""payment_amount"", ""evidence"": [""schema_match"", ""constraint pass""], ""path"": ""txn_amount"", ""raw_field"": ""txn_amount"", ""role"": ""transaction_amount"", ""schema_attribute"": ""txn_amount"", ""semantic_family"": ""payment:amount"", ""value_shape_status"": ""PASS""}; {""canonical_srs_node"": ""payment_currency"", ""evidence"": [""schema_match"", ""constraint pass""], ""path"": ""currency"", ""raw_field"": ""currency"", ""role"": ""currency_code"", ""schema_attribute"": ""currency"", ""semantic_family"": ""payment:currency"", ""value_shape_status"": ""PASS""}; {""canonical_srs_node"": ""transaction_timestamp"", ""evidence"": [""schema_match"", ""constraint pass""], ""path"": ""txn_timestamp"", ""raw_field"": ""txn_timestamp"", ""role"": ""transaction_timestamp"", ""schema_attribute"": ""txn_timestamp"", ""semantic_family"": ""temporal:transaction_timestamp"", ""value_shape_status"": ""PASS""}; {""canonical_srs_node"": ""payment_status"", ""evidence"": [""schema_match"", ""constraint pass""], ""path"": ""txn_status"", ""raw_field"": ""txn_status"", ""role"": ""transaction_status"", ""schema_attribute"": ""txn_status"", ""semantic_family"": ""payment:status"", ""value_shape_status"": ""PASS""}","{""AANF"": ""PASS"", ""CMNF"": ""PASS"", ""DBNF"": ""PASS"", ""ECNF"": ""PASS"", ""PONF"": ""PASS"", ""RRNF"": ""PASS""}",,,payload_compliance,
ALL,,,ALLOW,,,,,,,payload_compliance_summary,64
INAmex,,,ALLOW,,,,,,,payload_compliance_summary,8
ISO20022,,,ALLOW,,,,,,,payload_compliance_summary,8
Mastercard,,,ALLOW,,,,,,,payload_compliance_summary,8
PPVisa,,,ALLOW,,,,,,,payload_compliance_summary,8
Plaid,,,ALLOW,,,,,,,payload_compliance_summary,8
Razorpay,,,ALLOW,,,,,,,payload_compliance_summary,8
Stripe,,,ALLOW,,,,,,,payload_compliance_summary,8
UPI,,,ALLOW,,,,,,,payload_compliance_summary,8
ALL,,,TOTAL,,,,,,,payload_compliance_summary,64
